지표,소방서,기온구간,연령대,건수,관측N,시간당평균건수,구성비
이송수,강남소방서,-10 ~ -5,10대,83,18,4.611111111111111,6.076134699853587
이송수,강남소방서,-10 ~ -5,20대,157,18,8.722222222222221,11.493411420204978
이송수,강남소방서,-10 ~ -5,30대,144,18,8.0,10.54172767203514
이송수,강남소방서,-10 ~ -5,40대,140,18,7.777777777777778,10.248901903367496
이송수,강남소방서,-10 ~ -5,50대,158,18,8.777777777777779,11.566617862371888
이송수,강남소방서,-10 ~ -5,60대,206,18,11.444444444444445,15.080527086383603
이송수,강남소방서,-10 ~ -5,70대,263,18,14.61111111111111,19.25329428989751
이송수,강남소방서,-10 ~ -5,80세 이상,137,18,7.611111111111111,10.029282576866764
이송수,강남소방서,-10 ~ -5,9세 이하,39,18,2.1666666666666665,2.855051244509517
이송수,강남소방서,-10 ~ -5,미상,39,18,2.1666666666666665,2.855051244509517
이송수,강남소방서,-5 ~ 0,10대,856,295,2.9016949152542373,3.7827566397101067
이송수,강남소방서,-5 ~ 0,20대,2979,295,10.098305084745762,13.164523399178046
이송수,강남소방서,-5 ~ 0,30대,2636,295,8.935593220338983,11.648769278359627
이송수,강남소방서,-5 ~ 0,40대,2380,295,8.067796610169491,10.517477573025763
이송수,강남소방서,-5 ~ 0,50대,2673,295,9.061016949152542,11.812276282646161
이송수,강남소방서,-5 ~ 0,60대,3376,295,11.44406779661017,14.918909364090327
이송수,강남소방서,-5 ~ 0,70대,3464,295,11.742372881355932,15.307790887798841
이송수,강남소방서,-5 ~ 0,80세 이상,2809,295,9.522033898305084,12.413275001104777
이송수,강남소방서,-5 ~ 0,9세 이하,552,295,1.8711864406779661,2.439347739626143
이송수,강남소방서,-5 ~ 0,미상,904,295,3.064406779661017,3.994873834460206
이송수,강남소방서,0 ~ 5,10대,1219,335,3.638805970149254,3.9699081612714124
이송수,강남소방서,0 ~ 5,20대,3535,335,10.552238805970148,11.512407998436787
이송수,강남소방서,0 ~ 5,30대,3377,335,10.080597014925374,10.997850582947958
이송수,강남소방서,0 ~ 5,40대,3094,335,9.235820895522387,10.076206604572397
이송수,강남소방서,0 ~ 5,50대,3668,335,10.949253731343283,11.94554810134827
이송수,강남소방서,0 ~ 5,60대,4474,335,13.355223880597014,14.57044225884192
이송수,강남소방서,0 ~ 5,70대,5055,335,15.08955223880597,16.46258060313945
이송수,강남소방서,0 ~ 5,80세 이상,4019,335,11.997014925373135,13.088647169934214
이송수,강남소방서,0 ~ 5,9세 이하,638,335,1.9044776119402984,2.0777698169738814
이송수,강남소방서,0 ~ 5,미상,1627,335,4.856716417910448,5.298638702533707
이송수,강남소방서,5 ~ 10,10대,1030,303,3.3993399339933994,4.052246439531041
이송수,강남소방서,5 ~ 10,20대,3337,303,11.013201320132014,13.128491620111731
이송수,강남소방서,5 ~ 10,30대,3202,303,10.567656765676567,12.59737194114407
이송수,강남소방서,5 ~ 10,40대,2685,303,8.861386138613861,10.56338028169014
이송수,강남소방서,5 ~ 10,50대,2898,303,9.564356435643564,11.401369108505783
이송수,강남소방서,5 ~ 10,60대,3488,303,11.511551155115512,13.722558816586671
이송수,강남소방서,5 ~ 10,70대,3871,303,12.775577557755776,15.229365016917146
이송수,강남소방서,5 ~ 10,80세 이상,2981,303,9.838283828382838,11.72790935557479
이송수,강남소방서,5 ~ 10,9세 이하,617,303,2.036303630363036,2.4274136438744196
이송수,강남소방서,5 ~ 10,미상,1309,303,4.32013201320132,5.149893776064206
이송수,강남소방서,10 ~ 15,10대,1348,358,3.7653631284916202,4.375770953710316
이송수,강남소방서,10 ~ 15,20대,3961,358,11.064245810055866,12.857884827630981
이송수,강남소방서,10 ~ 15,30대,3513,358,9.812849162011172,11.403622670908264
이송수,강남소방서,10 ~ 15,40대,3221,358,8.997206703910615,10.455755372330065
이송수,강남소방서,10 ~ 15,50대,3452,358,9.64245810055866,11.205609296890216
이송수,강남소방서,10 ~ 15,60대,4388,358,12.256983240223464,14.24397844575732
이송수,강남소방서,10 ~ 15,70대,5046,358,14.094972067039107,16.379925988443812
이송수,강남소방서,10 ~ 15,80세 이상,3729,358,10.416201117318435,12.10478478218529
이송수,강남소방서,10 ~ 15,9세 이하,900,358,2.5139664804469275,2.9215087969876
이송수,강남소방서,10 ~ 15,미상,1248,358,3.4860335195530725,4.051158865156138
이송수,강남소방서,15 ~ 20,10대,1485,333,4.45945945945946,4.707262180239009
이송수,강남소방서,15 ~ 20,20대,3876,333,11.63963963963964,12.286429771452118
이송수,강남소방서,15 ~ 20,30대,3716,333,11.15915915915916,11.779250007924684
이송수,강남소방서,15 ~ 20,40대,3492,333,10.486486486486486,11.069198338986276
이송수,강남소방서,15 ~ 20,50대,3801,333,11.414414414414415,12.048689257298633
이송수,강남소방서,15 ~ 20,60대,4435,333,13.318318318318319,14.058389070276094
이송수,강남소방서,15 ~ 20,70대,4798,333,14.408408408408409,15.209053158778966
이송수,강남소방서,15 ~ 20,80세 이상,3819,333,11.468468468468469,12.10574698069547
이송수,강남소방서,15 ~ 20,9세 이하,938,333,2.8168168168168166,2.973341363679589
이송수,강남소방서,15 ~ 20,미상,1187,333,3.5645645645645647,3.762639870669161
이송수,강남소방서,20 ~ 25,10대,1901,433,4.390300230946882,4.612398398641272
이송수,강남소방서,20 ~ 25,20대,5727,433,13.226327944572748,13.895426422419021
이송수,강남소방서,20 ~ 25,30대,5102,433,11.782909930715935,12.378988232439646
이송수,강남소방서,20 ~ 25,40대,4192,433,9.681293302540416,10.171054227829673
이송수,강남소방서,20 ~ 25,50대,4840,433,11.177829099307159,11.743297343200291
이송수,강남소방서,20 ~ 25,60대,5712,433,13.191685912240185,13.859031905859517
이송수,강남소방서,20 ~ 25,70대,6209,433,14.339491916859123,15.064903554531117
이송수,강남소방서,20 ~ 25,80세 이상,4666,433,10.775981524249422,11.321120951110032
이송수,강남소방서,20 ~ 25,9세 이하,1178,433,2.720554272517321,2.8581827004731286
이송수,강남소방서,20 ~ 25,미상,1688,433,3.8983833718244805,4.0955962634963
이송수,강남소방서,25 ~ 30,10대,2084,418,4.985645933014354,4.499330713761389
이송수,강남소방서,25 ~ 30,20대,5965,418,14.270334928229666,12.878362623602055
이송수,강남소방서,25 ~ 30,30대,5545,418,13.26555023923445,11.971587719677016
이송수,강남소방서,25 ~ 30,40대,4825,418,11.543062200956937,10.417116455805518
이송수,강남소방서,25 ~ 30,50대,5594,418,13.382775119617225,12.077378125134937
이송수,강남소방서,25 ~ 30,60대,6495,418,15.538277511961722,14.022626192840795
이송수,강남소방서,25 ~ 30,70대,6611,418,15.81578947368421,14.273068785353427
이송수,강남소방서,25 ~ 30,80세 이상,5808,418,13.894736842105264,12.53940152856341
이송수,강남소방서,25 ~ 30,9세 이하,1213,418,2.901913875598086,2.6188522820501747
이송수,강남소방서,25 ~ 30,미상,2178,418,5.2105263157894735,4.702275573211279
이송수,강남소방서,30 ~ 35,10대,308,51,6.03921568627451,4.8734177215189876
이송수,강남소방서,30 ~ 35,20대,740,51,14.509803921568627,11.708860759493671
이송수,강남소방서,30 ~ 35,30대,692,51,13.568627450980392,10.949367088607595
이송수,강남소방서,30 ~ 35,40대,593,51,11.627450980392156,9.382911392405063
이송수,강남소방서,30 ~ 35,50대,779,51,15.27450980392157,12.325949367088608
이송수,강남소방서,30 ~ 35,60대,850,51,16.666666666666668,13.449367088607595
이송수,강남소방서,30 ~ 35,70대,989,51,19.392156862745097,15.64873417721519
이송수,강남소방서,30 ~ 35,80세 이상,896,51,17.568627450980394,14.177215189873419
이송수,강남소방서,30 ~ 35,9세 이하,140,51,2.7450980392156863,2.2151898734177213
이송수,강남소방서,30 ~ 35,미상,333,51,6.529411764705882,5.268987341772152
이송수,강동소방서,-10 ~ -5,10대,28,18,1.5555555555555556,2.341137123745819
이송수,강동소방서,-10 ~ -5,20대,66,18,3.6666666666666665,5.518394648829431
이송수,강동소방서,-10 ~ -5,30대,90,18,5.0,7.5250836120401345
이송수,강동소방서,-10 ~ -5,40대,94,18,5.222222222222222,7.859531772575251
이송수,강동소방서,-10 ~ -5,50대,172,18,9.555555555555555,14.381270903010032
이송수,강동소방서,-10 ~ -5,60대,205,18,11.38888888888889,17.140468227424748
이송수,강동소방서,-10 ~ -5,70대,306,18,17.0,25.585284280936456
이송수,강동소방서,-10 ~ -5,80세 이상,188,18,10.444444444444445,15.719063545150503
이송수,강동소방서,-10 ~ -5,9세 이하,36,18,2.0,3.0100334448160537
이송수,강동소방서,-10 ~ -5,미상,11,18,0.6111111111111112,0.919732441471572
이송수,강동소방서,-5 ~ 0,10대,476,295,1.6135593220338984,2.4426540770770258
이송수,강동소방서,-5 ~ 0,20대,1072,295,3.6338983050847458,5.501103299635655
이송수,강동소방서,-5 ~ 0,30대,1309,295,4.437288135593221,6.717298711961821
이송수,강동소방서,-5 ~ 0,40대,1613,295,5.467796610169492,8.277313080515215
이송수,강동소방서,-5 ~ 0,50대,2691,295,9.122033898305085,13.809206137424951
이송수,강동소방서,-5 ~ 0,60대,3781,295,12.816949152542373,19.402678708882846
이송수,강동소방서,-5 ~ 0,70대,4423,295,14.99322033898305,22.69718273720942
이송수,강동소방서,-5 ~ 0,80세 이상,3227,295,10.938983050847458,16.559757787242777
이송수,강동소방서,-5 ~ 0,9세 이하,542,295,1.8372881355932202,2.7813414070919076
이송수,강동소방서,-5 ~ 0,미상,353,295,1.1966101694915254,1.8114640529583825
이송수,강동소방서,0 ~ 5,10대,639,335,1.9074626865671642,2.4177071509648127
이송수,강동소방서,0 ~ 5,20대,1286,335,3.8388059701492536,4.86568293605751
이송수,강동소방서,0 ~ 5,30대,1526,335,4.555223880597015,5.77374195989406
이송수,강동소방서,0 ~ 5,40대,2056,335,6.137313432835821,7.77903897086644
이송수,강동소방서,0 ~ 5,50대,3401,335,10.15223880597015,12.8679530836171
이송수,강동소방서,0 ~ 5,60대,4978,335,14.859701492537313,18.83465758607643
이송수,강동소방서,0 ~ 5,70대,6071,335,18.122388059701493,22.97010972379871
이송수,강동소방서,0 ~ 5,80세 이상,5001,335,14.928358208955224,18.921679909194097
이송수,강동소방서,0 ~ 5,9세 이하,662,335,1.9761194029850746,2.504729474082482
이송수,강동소방서,0 ~ 5,미상,810,335,2.417910447761194,3.064699205448354
이송수,강동소방서,5 ~ 10,10대,651,303,2.1485148514851486,3.0040145816990447
이송수,강동소방서,5 ~ 10,20대,1169,303,3.8580858085808583,5.394305754233768
이송수,강동소방서,5 ~ 10,30대,1357,303,4.478547854785479,6.26182455816529
이송수,강동소방서,5 ~ 10,40대,1832,303,6.0462046204620465,8.453693876609293
이송수,강동소방서,5 ~ 10,50대,3047,303,10.056105610561056,14.060264870102904
이송수,강동소방서,5 ~ 10,60대,4321,303,14.26072607260726,19.93908910525587
이송수,강동소방서,5 ~ 10,70대,4550,303,15.016501650165017,20.995800839832032
이송수,강동소방서,5 ~ 10,80세 이상,3586,303,11.834983498349835,16.547459738821466
이송수,강동소방서,5 ~ 10,9세 이하,601,303,1.9834983498349834,2.7732914955470442
이송수,강동소방서,5 ~ 10,미상,557,303,1.8382838283828382,2.570255179733284
이송수,강동소방서,10 ~ 15,10대,807,358,2.2541899441340782,3.0580923869794234
이송수,강동소방서,10 ~ 15,20대,1406,358,3.9273743016759775,5.327977566410247
이송수,강동소방서,10 ~ 15,30대,1662,358,4.64245810055866,6.298078744931599
이송수,강동소방서,10 ~ 15,40대,2167,358,6.053072625698324,8.211754897874114
이송수,강동소방서,10 ~ 15,50대,3612,358,10.089385474860336,13.687521315699724
이송수,강동소방서,10 ~ 15,60대,5113,358,14.282122905027933,19.37549736632688
이송수,강동소방서,10 ~ 15,70대,5810,358,16.22905027932961,22.016749403160407
이송수,강동소방서,10 ~ 15,80세 이상,4487,358,12.533519553072626,17.00329682822388
이송수,강동소방서,10 ~ 15,9세 이하,827,358,2.310055865921788,3.133881541551404
이송수,강동소방서,10 ~ 15,미상,498,358,1.3910614525139664,1.887149948842321
이송수,강동소방서,15 ~ 20,10대,922,333,2.7687687687687688,3.465383748026761
이송수,강동소방서,15 ~ 20,20대,1470,333,4.414414414414415,5.525069533188002
이송수,강동소방서,15 ~ 20,30대,1692,333,5.081081081081081,6.359467789220477
이송수,강동소방서,15 ~ 20,40대,2285,333,6.861861861861862,8.588288356009922
이송수,강동소방서,15 ~ 20,50대,3667,333,11.012012012012011,13.782605427347214
이송수,강동소방서,15 ~ 20,60대,5237,333,15.726726726726726,19.683530030820116
이송수,강동소방서,15 ~ 20,70대,5505,333,16.53153153153153,20.690821619183644
이송수,강동소방서,15 ~ 20,80세 이상,4511,333,13.546546546546546,16.954822220551755
이송수,강동소방서,15 ~ 20,9세 이하,821,333,2.4654654654654653,3.0857701270390137
이송수,강동소방서,15 ~ 20,미상,496,333,1.4894894894894894,1.864241148613095
이송수,강동소방서,20 ~ 25,10대,1142,433,2.6374133949191685,3.283685088274196
이송수,강동소방서,20 ~ 25,20대,1962,433,4.531177829099307,5.64149749841854
이송수,강동소방서,20 ~ 25,30대,2328,433,5.3764434180138565,6.693886940019553
이송수,강동소방서,20 ~ 25,40대,2930,433,6.766743648960739,8.424866294784058
이송수,강동소방서,20 ~ 25,50대,4777,433,11.032332563510392,13.735694979584794
이송수,강동소방서,20 ~ 25,60대,6698,433,15.468822170900692,19.25930185749612
이송수,강동소방서,20 ~ 25,70대,7206,433,16.64203233256351,20.71999539939042
이송수,강동소방서,20 ~ 25,80세 이상,6003,433,13.863741339491916,17.260912070849386
이송수,강동소방서,20 ~ 25,9세 이하,1066,433,2.4618937644341803,3.0651561331876476
이송수,강동소방서,20 ~ 25,미상,666,433,1.53810623556582,1.9150037379952844
이송수,강동소방서,25 ~ 30,10대,1214,418,2.9043062200956937,3.164919964544554
이송수,강동소방서,25 ~ 30,20대,1994,418,4.770334928229665,5.1983940768548935
이송수,강동소방서,25 ~ 30,30대,2331,418,5.576555023923445,6.076959174096668
이송수,강동소방서,25 ~ 30,40대,3144,418,7.521531100478469,8.196464883466291
이송수,강동소방서,25 ~ 30,50대,5120,418,12.248803827751196,13.347932634652485
이송수,강동소방서,25 ~ 30,60대,7394,418,17.688995215311003,19.276291777464934
이송수,강동소방서,25 ~ 30,70대,8189,418,19.59090909090909,21.348871161165857
이송수,강동소방서,25 ~ 30,80세 이상,6907,418,16.523923444976077,18.006673966317326
이송수,강동소방서,25 ~ 30,9세 이하,1227,418,2.9354066985645932,3.1988111997497266
이송수,강동소방서,25 ~ 30,미상,838,418,2.0047846889952154,2.184681161687262
이송수,강동소방서,30 ~ 35,10대,186,51,3.6470588235294117,3.5193945127719966
이송수,강동소방서,30 ~ 35,20대,256,51,5.019607843137255,4.843897824030274
이송수,강동소방서,30 ~ 35,30대,328,51,6.431372549019608,6.206244087038789
이송수,강동소방서,30 ~ 35,40대,360,51,7.0588235294117645,6.811731315042574
이송수,강동소방서,30 ~ 35,50대,656,51,12.862745098039216,12.412488174077579
이송수,강동소방서,30 ~ 35,60대,977,51,19.15686274509804,18.48628192999054
이송수,강동소방서,30 ~ 35,70대,1156,51,22.666666666666668,21.873226111636708
이송수,강동소방서,30 ~ 35,80세 이상,1114,51,21.84313725490196,21.07852412488174
이송수,강동소방서,30 ~ 35,9세 이하,133,51,2.607843137254902,2.5165562913907285
이송수,강동소방서,30 ~ 35,미상,119,51,2.3333333333333335,2.251655629139073
이송수,노원소방서,-10 ~ -5,10대,49,18,2.7222222222222223,2.9518072289156625
이송수,노원소방서,-10 ~ -5,20대,76,18,4.222222222222222,4.578313253012048
이송수,노원소방서,-10 ~ -5,30대,62,18,3.4444444444444446,3.734939759036145
이송수,노원소방서,-10 ~ -5,40대,130,18,7.222222222222222,7.83132530120482
이송수,노원소방서,-10 ~ -5,50대,258,18,14.333333333333334,15.542168674698795
이송수,노원소방서,-10 ~ -5,60대,310,18,17.22222222222222,18.67469879518072
이송수,노원소방서,-10 ~ -5,70대,412,18,22.88888888888889,24.819277108433734
이송수,노원소방서,-10 ~ -5,80세 이상,308,18,17.11111111111111,18.55421686746988
이송수,노원소방서,-10 ~ -5,9세 이하,41,18,2.2777777777777777,2.4698795180722892
이송수,노원소방서,-10 ~ -5,미상,14,18,0.7777777777777778,0.8433734939759037
이송수,노원소방서,-5 ~ 0,10대,658,295,2.230508474576271,2.57938063504508
이송수,노원소방서,-5 ~ 0,20대,1290,295,4.372881355932203,5.056840454723638
이송수,노원소방서,-5 ~ 0,30대,1268,295,4.2983050847457624,4.970599764798118
이송수,노원소방서,-5 ~ 0,40대,1830,295,6.203389830508475,7.173657389259114
이송수,노원소방서,-5 ~ 0,50대,3510,295,11.898305084745763,13.759310074480597
이송수,노원소방서,-5 ~ 0,60대,4795,295,16.25423728813559,18.79655037240298
이송수,노원소방서,-5 ~ 0,70대,5885,295,19.949152542372882,23.069384555076443
이송수,노원소방서,-5 ~ 0,80세 이상,5282,295,17.90508474576271,20.70560564484516
이송수,노원소방서,-5 ~ 0,9세 이하,583,295,1.976271186440678,2.2853782830262643
이송수,노원소방서,-5 ~ 0,미상,409,295,1.3864406779661016,1.6032928263426105
이송수,노원소방서,0 ~ 5,10대,932,335,2.782089552238806,2.8655761898905423
이송수,노원소방서,0 ~ 5,20대,1432,335,4.2746268656716415,4.402902472020662
이송수,노원소방서,0 ~ 5,30대,1345,335,4.014925373134329,4.13540769893002
이송수,노원소방서,0 ~ 5,40대,2108,335,6.2925373134328355,6.4813676054605835
이송수,노원소방서,0 ~ 5,50대,4326,335,12.913432835820895,13.300946992989793
이송수,노원소방서,0 ~ 5,60대,6153,335,18.367164179104478,18.918337227893247
이송수,노원소방서,0 ~ 5,70대,7571,335,22.6,23.278194564014264
이송수,노원소방서,0 ~ 5,80세 이상,7313,335,21.829850746268658,22.484934202435124
이송수,노원소방서,0 ~ 5,9세 이하,668,335,1.9940298507462686,2.0538679129258393
이송수,노원소방서,0 ~ 5,미상,676,335,2.017910447761194,2.0784651334399213
이송수,노원소방서,5 ~ 10,10대,842,303,2.778877887788779,3.14308111538318
이송수,노원소방서,5 ~ 10,20대,1323,303,4.366336633663367,4.938594199111575
이송수,노원소방서,5 ~ 10,30대,1258,303,4.151815181518152,4.6959572959050355
이송수,노원소방서,5 ~ 10,40대,2012,303,6.64026402640264,7.510545373100899
이송수,노원소방서,5 ~ 10,50대,3671,303,12.115511551155116,13.703385718018591
이송수,노원소방서,5 ~ 10,60대,5136,303,16.95049504950495,19.172048228750608
이송수,노원소방서,5 ~ 10,70대,6026,303,19.887788778877887,22.49430736496323
이송수,노원소방서,5 ~ 10,80세 이상,5351,303,17.660066006600662,19.97461644704916
이송수,노원소방서,5 ~ 10,9세 이하,611,303,2.0165016501650164,2.280786890141476
이송수,노원소방서,5 ~ 10,미상,559,303,1.844884488448845,2.086677367576244
이송수,노원소방서,10 ~ 15,10대,1023,358,2.857541899441341,3.139096013992451
이송수,노원소방서,10 ~ 15,20대,1421,358,3.96927374301676,4.360366994998312
이송수,노원소방서,10 ~ 15,30대,1492,358,4.167597765363128,4.5782319187455895
이송수,노원소방서,10 ~ 15,40대,2317,358,6.472067039106145,7.109760962287888
이송수,노원소방서,10 ~ 15,50대,4331,358,12.097765363128492,13.28976034858388
이송수,노원소방서,10 ~ 15,60대,5979,358,16.701117318435752,18.346681395562918
이송수,노원소방서,10 ~ 15,70대,7792,358,21.76536312849162,23.90990825125042
이송수,노원소방서,10 ~ 15,80세 이상,6934,358,19.368715083798882,21.277118045966432
이송수,노원소방서,10 ~ 15,9세 이하,815,358,2.276536312849162,2.5008438430145143
이송수,노원소방서,10 ~ 15,미상,485,358,1.3547486033519553,1.4882322255975944
이송수,노원소방서,15 ~ 20,10대,1189,333,3.5705705705705704,3.532697507205039
이송수,노원소방서,15 ~ 20,20대,1601,333,4.807807807807808,4.756811361678106
이송수,노원소방서,15 ~ 20,30대,1525,333,4.57957957957958,4.531003951629676
이송수,노원소방서,15 ~ 20,40대,2358,333,7.081081081081081,7.0059720117657545
이송수,노원소방서,15 ~ 20,50대,4637,333,13.924924924924925,13.77722316308643
이송수,노원소방서,15 ~ 20,60대,6213,333,18.65765765765766,18.459755771459132
이송수,노원소방서,15 ~ 20,70대,7739,333,23.24024024024024,22.993730873221025
이송수,노원소방서,15 ~ 20,80세 이상,7072,333,21.237237237237238,21.011973735032832
이송수,노원소방서,15 ~ 20,9세 이하,846,333,2.5405405405405403,2.513593011854889
이송수,노원소방서,15 ~ 20,미상,477,333,1.4324324324324325,1.4172386130671182
이송수,노원소방서,20 ~ 25,10대,1525,433,3.5219399538106235,3.4661454190058416
이송수,노원소방서,20 ~ 25,20대,2238,433,5.168591224018476,5.086710457531195
이송수,노원소방서,20 ~ 25,30대,2018,433,4.660508083140877,4.586676364297566
이송수,노원소방서,20 ~ 25,40대,3024,433,6.983833718244804,6.873195899720436
이송수,노원소방서,20 ~ 25,50대,6045,433,13.960739030023095,13.739573152714957
이송수,노원소방서,20 ~ 25,60대,8346,433,19.274826789838336,18.96947519149033
이송수,노원소방서,20 ~ 25,70대,9863,433,22.778290993071593,22.4174375525604
이송수,노원소방서,20 ~ 25,80세 이상,9266,433,21.399538106235564,21.06052685410369
이송수,노원소방서,20 ~ 25,9세 이하,1046,433,2.415704387990762,2.3774348251017114
이송수,노원소방서,20 ~ 25,미상,626,433,1.4457274826789839,1.4228242834738731
이송수,노원소방서,25 ~ 30,10대,1681,418,4.021531100478469,3.4911009117152294
이송수,노원소방서,25 ~ 30,20대,2206,418,5.277511961722488,4.58142094660547
이송수,노원소방서,25 ~ 30,30대,2067,418,4.944976076555024,4.292745737367864
이송수,노원소방서,25 ~ 30,40대,3251,418,7.777511961722488,6.751677016053664
이송수,노원소방서,25 ~ 30,50대,6437,418,15.39952153110048,13.368362027787583
이송수,노원소방서,25 ~ 30,60대,8978,418,21.47846889952153,18.645510996656352
이송수,노원소방서,25 ~ 30,70대,11110,418,26.57894736842105,23.07324873834396
이송수,노원소방서,25 ~ 30,80세 이상,10523,418,25.17464114832536,21.854167099333345
이송수,노원소방서,25 ~ 30,9세 이하,1137,418,2.7200956937799043,2.3613216755622934
이송수,노원소방서,25 ~ 30,미상,761,418,1.8205741626794258,1.5804448505742352
이송수,노원소방서,30 ~ 35,10대,219,51,4.294117647058823,3.337905807041609
이송수,노원소방서,30 ~ 35,20대,273,51,5.352941176470588,4.160951074531321
이송수,노원소방서,30 ~ 35,30대,228,51,4.470588235294118,3.475080018289895
이송수,노원소방서,30 ~ 35,40대,384,51,7.529411764705882,5.852766346593507
이송수,노원소방서,30 ~ 35,50대,779,51,15.27450980392157,11.873190062490474
이송수,노원소방서,30 ~ 35,60대,1329,51,26.058823529411764,20.256058527663466
이송수,노원소방서,30 ~ 35,70대,1551,51,30.41176470588235,23.639689071787835
이송수,노원소방서,30 ~ 35,80세 이상,1596,51,31.294117647058822,24.325560128029263
이송수,노원소방서,30 ~ 35,9세 이하,113,51,2.215686274509804,1.72229843011736
이송수,노원소방서,30 ~ 35,미상,89,51,1.7450980392156863,1.356500533455266
이송수,수성소방서,-5 ~ 0,10대,211,145,1.4551724137931035,2.6454363089267803
이송수,수성소방서,-5 ~ 0,20대,429,145,2.9586206896551723,5.37863590772317
이송수,수성소방서,-5 ~ 0,30대,494,145,3.406896551724138,6.19358074222668
이송수,수성소방서,-5 ~ 0,40대,676,145,4.662068965517242,8.47542627883651
이송수,수성소방서,-5 ~ 0,50대,1050,145,7.241379310344827,13.164493480441324
이송수,수성소방서,-5 ~ 0,60대,1517,145,10.462068965517242,19.019558676028083
이송수,수성소방서,-5 ~ 0,70대,1891,145,13.041379310344828,23.7086258776329
이송수,수성소방서,-5 ~ 0,80세 이상,1504,145,10.372413793103448,18.85656970912738
이송수,수성소방서,-5 ~ 0,9세 이하,133,145,0.9172413793103448,1.6675025075225676
이송수,수성소방서,-5 ~ 0,미상,71,145,0.4896551724137931,0.8901705115346038
이송수,수성소방서,0 ~ 5,10대,743,345,2.1536231884057973,3.315188291986436
이송수,수성소방서,0 ~ 5,20대,1146,345,3.3217391304347825,5.1133321434945564
이송수,수성소방서,0 ~ 5,30대,1220,345,3.536231884057971,5.443512404069248
이송수,수성소방서,0 ~ 5,40대,1835,345,5.318840579710145,8.187578083169731
이송수,수성소방서,0 ~ 5,50대,3073,345,8.907246376811594,13.711404604676067
이송수,수성소방서,0 ~ 5,60대,4101,345,11.88695652173913,18.298233089416385
이송수,수성소방서,0 ~ 5,70대,4932,345,14.295652173913043,22.006068177761914
이송수,수성소방서,0 ~ 5,80세 이상,4596,345,13.321739130434782,20.506871318936284
이송수,수성소방서,0 ~ 5,9세 이하,496,345,1.4376811594202898,2.2131001249330717
이송수,수성소방서,0 ~ 5,미상,270,345,0.782608695652174,1.2047117615563092
이송수,수성소방서,5 ~ 10,10대,758,382,1.9842931937172774,3.1321019792570555
이송수,수성소방서,5 ~ 10,20대,1297,382,3.3952879581151834,5.359282674269658
이송수,수성소방서,5 ~ 10,30대,1253,382,3.2801047120418847,5.1774720052890375
이송수,수성소방서,5 ~ 10,40대,2017,382,5.280104712041885,8.334366348497996
이송수,수성소방서,5 ~ 10,50대,3157,382,8.264397905759163,13.04491549935953
이송수,수성소방서,5 ~ 10,60대,4307,382,11.274869109947645,17.79678525680757
이송수,수성소방서,5 ~ 10,70대,5303,382,13.88219895287958,21.912317672823438
이송수,수성소방서,5 ~ 10,80세 이상,5322,382,13.93193717277487,21.990826825337795
이송수,수성소방서,5 ~ 10,9세 이하,475,382,1.243455497382199,1.9627288128589728
이송수,수성소방서,5 ~ 10,미상,312,382,0.8167539267015707,1.2892029254989463
이송수,수성소방서,10 ~ 15,10대,832,363,2.2920110192837466,3.5207989505310824
이송수,수성소방서,10 ~ 15,20대,1254,363,3.4545454545454546,5.306588802843723
이송수,수성소방서,10 ~ 15,30대,1326,363,3.652892561983471,5.611273327408912
이송수,수성소방서,10 ~ 15,40대,2020,363,5.564738292011019,8.548093605856714
이송수,수성소방서,10 ~ 15,50대,3158,363,8.699724517906336,13.363801785789853
이송수,수성소방서,10 ~ 15,60대,4271,363,11.765840220385675,18.073716728026746
이송수,수성소방서,10 ~ 15,70대,5086,363,14.011019283746556,21.52257627692438
이송수,수성소방서,10 ~ 15,80세 이상,4875,363,13.429752066115702,20.62968135076806
이송수,수성소방서,10 ~ 15,9세 이하,560,363,1.5426997245179064,2.3697685243959206
이송수,수성소방서,10 ~ 15,미상,249,363,0.6859504132231405,1.0537006474546147
이송수,수성소방서,15 ~ 20,10대,897,366,2.4508196721311477,3.4958494095638954
이송수,수성소방서,15 ~ 20,20대,1374,366,3.7540983606557377,5.354846252776803
이송수,수성소방서,15 ~ 20,30대,1474,366,4.027322404371585,5.744573054288944
이송수,수성소방서,15 ~ 20,40대,2176,366,5.945355191256831,8.480455200904165
이송수,수성소방서,15 ~ 20,50대,3591,366,9.811475409836065,13.995089442300948
이송수,수성소방서,15 ~ 20,60대,4417,366,12.068306010928962,17.214232822791224
이송수,수성소방서,15 ~ 20,70대,5608,366,15.3224043715847,21.85587902880081
이송수,수성소방서,15 ~ 20,80세 이상,5234,366,14.300546448087431,20.398300791145406
이송수,수성소방서,15 ~ 20,9세 이하,633,366,1.7295081967213115,2.4669706535718463
이송수,수성소방서,15 ~ 20,미상,255,366,0.6967213114754098,0.9938033438559569
이송수,수성소방서,20 ~ 25,10대,1306,463,2.8207343412526997,3.827779243236906
이송수,수성소방서,20 ~ 25,20대,1882,463,4.064794816414687,5.515988159090243
이송수,수성소방서,20 ~ 25,30대,1950,463,4.211663066954643,5.715290600545151
이송수,수성소방서,20 ~ 25,40대,2814,463,6.077753779697624,8.247603974325155
이송수,수성소방서,20 ~ 25,50대,4791,463,10.347732181425487,14.042029367800932
이송수,수성소방서,20 ~ 25,60대,6019,463,13.0,17.641196987016034
이송수,수성소방서,20 ~ 25,70대,7220,463,15.593952483801296,21.16122981330051
이송수,수성소방서,20 ~ 25,80세 이상,6960,463,15.032397408207343,20.399191066561155
이송수,수성소방서,20 ~ 25,9세 이하,806,463,1.7408207343412527,2.3623201148919954
이송수,수성소방서,20 ~ 25,미상,371,463,0.8012958963282938,1.0873706732319235
이송수,수성소방서,25 ~ 30,10대,1365,400,3.4125,3.98377305626897
이송수,수성소방서,25 ~ 30,20대,1683,400,4.2075,4.911860845201961
이송수,수성소방서,25 ~ 30,30대,1697,400,4.2425,4.952720056035489
이송수,수성소방서,25 ~ 30,40대,2695,400,6.7375,7.865398085454121
이송수,수성소방서,25 ~ 30,50대,4599,400,11.4975,13.422250758813917
이송수,수성소방서,25 ~ 30,60대,5776,400,14.44,16.857342983889797
이송수,수성소방서,25 ~ 30,70대,7725,400,19.3125,22.54552883492879
이송수,수성소방서,25 ~ 30,80세 이상,7545,400,18.8625,22.020196124212003
이송수,수성소방서,25 ~ 30,9세 이하,805,400,2.0125,2.349404622927854
이송수,수성소방서,25 ~ 30,미상,374,400,0.935,1.0915246322671026
이송수,수성소방서,30 ~ 35,10대,284,81,3.506172839506173,3.9313399778516054
이송수,수성소방서,30 ~ 35,20대,334,81,4.1234567901234565,4.623477297895903
이송수,수성소방서,30 ~ 35,30대,336,81,4.148148148148148,4.651162790697675
이송수,수성소방서,30 ~ 35,40대,519,81,6.407407407407407,7.1843853820598005
이송수,수성소방서,30 ~ 35,50대,827,81,10.209876543209877,11.44795127353267
이송수,수성소방서,30 ~ 35,60대,1226,81,15.135802469135802,16.971207087486157
이송수,수성소방서,30 ~ 35,70대,1710,81,21.11111111111111,23.67109634551495
이송수,수성소방서,30 ~ 35,80세 이상,1755,81,21.666666666666668,24.294019933554818
이송수,수성소방서,30 ~ 35,9세 이하,160,81,1.9753086419753085,2.2148394241417497
이송수,수성소방서,30 ~ 35,미상,73,81,0.9012345679012346,1.0105204872646734
이송수,원주소방서,-10 ~ -5,10대,63,48,1.3125,2.226148409893993
이송수,원주소방서,-10 ~ -5,20대,171,48,3.5625,6.042402826855123
이송수,원주소방서,-10 ~ -5,30대,173,48,3.6041666666666665,6.113074204946996
이송수,원주소방서,-10 ~ -5,40대,223,48,4.645833333333333,7.879858657243815
이송수,원주소방서,-10 ~ -5,50대,356,48,7.416666666666667,12.579505300353357
이송수,원주소방서,-10 ~ -5,60대,506,48,10.541666666666666,17.879858657243815
이송수,원주소방서,-10 ~ -5,70대,651,48,13.5625,23.003533568904594
이송수,원주소방서,-10 ~ -5,80세 이상,601,48,12.520833333333334,21.236749116607772
이송수,원주소방서,-10 ~ -5,9세 이하,59,48,1.2291666666666667,2.0848056537102475
이송수,원주소방서,-10 ~ -5,미상,27,48,0.5625,0.9540636042402828
이송수,원주소방서,-5 ~ 0,10대,518,294,1.7619047619047619,2.912075556554981
이송수,원주소방서,-5 ~ 0,20대,954,294,3.2448979591836733,5.363166179446818
이송수,원주소방서,-5 ~ 0,30대,1049,294,3.568027210884354,5.897234090398021
이송수,원주소방서,-5 ~ 0,40대,1513,294,5.14625850340136,8.50573420283337
이송수,원주소방서,-5 ~ 0,50대,2436,294,8.285714285714286,13.694625590285586
이송수,원주소방서,-5 ~ 0,60대,2995,294,10.187074829931973,16.837193613672138
이송수,원주소방서,-5 ~ 0,70대,3409,294,11.595238095238095,19.164605351922646
이송수,원주소방서,-5 ~ 0,80세 이상,4187,294,14.241496598639456,23.538340454238813
이송수,원주소방서,-5 ~ 0,9세 이하,425,294,1.445578231292517,2.3892511805711716
이송수,원주소방서,-5 ~ 0,미상,302,294,1.0272108843537415,1.6977737800764563
이송수,원주소방서,0 ~ 5,10대,745,355,2.0985915492957745,3.1041666666666665
이송수,원주소방서,0 ~ 5,20대,1214,355,3.419718309859155,5.058333333333334
이송수,원주소방서,0 ~ 5,30대,1257,355,3.5408450704225354,5.2375
이송수,원주소방서,0 ~ 5,40대,1925,355,5.422535211267606,8.020833333333334
이송수,원주소방서,0 ~ 5,50대,3209,355,9.03943661971831,13.370833333333335
이송수,원주소방서,0 ~ 5,60대,4244,355,11.954929577464789,17.683333333333334
이송수,원주소방서,0 ~ 5,70대,4682,355,13.188732394366196,19.508333333333333
이송수,원주소방서,0 ~ 5,80세 이상,5471,355,15.411267605633803,22.795833333333334
이송수,원주소방서,0 ~ 5,9세 이하,417,355,1.1746478873239437,1.7375000000000003
이송수,원주소방서,0 ~ 5,미상,836,355,2.3549295774647887,3.4833333333333334
이송수,원주소방서,5 ~ 10,10대,592,305,1.9409836065573771,3.0834939319756236
이송수,원주소방서,5 ~ 10,20대,1148,305,3.763934426229508,5.979478097817595
이송수,원주소방서,5 ~ 10,30대,1093,305,3.583606557377049,5.693004844002292
이송수,원주소방서,5 ~ 10,40대,1584,305,5.19344262295082,8.250429709880724
이송수,원주소방서,5 ~ 10,50대,2714,305,8.898360655737704,14.13615292463149
이송수,원주소방서,5 ~ 10,60대,3516,305,11.527868852459017,18.31345382572009
이송수,원주소방서,5 ~ 10,70대,3582,305,11.744262295081967,18.657221730298453
이송수,원주소방서,5 ~ 10,80세 이상,4004,305,13.127868852459017,20.855252877754047
이송수,원주소방서,5 ~ 10,9세 이하,383,305,1.2557377049180327,1.9948955674774727
이송수,원주소방서,5 ~ 10,미상,583,305,1.9114754098360656,3.0366164904422104
이송수,원주소방서,10 ~ 15,10대,807,354,2.2796610169491527,3.51465528504856
이송수,원주소방서,10 ~ 15,20대,1259,354,3.556497175141243,5.483210661556552
이송수,원주소방서,10 ~ 15,30대,1286,354,3.632768361581921,5.600801358825835
이송수,원주소방서,10 ~ 15,40대,1782,354,5.033898305084746,7.760986019772657
이송수,원주소방서,10 ~ 15,50대,3137,354,8.861581920903955,13.66229693828666
이송수,원주소방서,10 ~ 15,60대,4265,354,12.048022598870057,18.574974957536693
이송수,원주소방서,10 ~ 15,70대,4436,354,12.531073446327683,19.31971604024215
이송수,원주소방서,10 ~ 15,80세 이상,4980,354,14.067796610169491,21.688950829667696
이송수,원주소방서,10 ~ 15,9세 이하,550,354,1.5536723163841808,2.3953660554853884
이송수,원주소방서,10 ~ 15,미상,459,354,1.2966101694915255,1.9990418535778056
이송수,원주소방서,15 ~ 20,10대,981,367,2.673024523160763,3.8581035906713335
이송수,원주소방서,15 ~ 20,20대,1399,367,3.811989100817439,5.502025406064419
이송수,원주소방서,15 ~ 20,30대,1481,367,4.03542234332425,5.824517245447752
이송수,원주소방서,15 ~ 20,40대,2172,367,5.918256130790191,8.542100916348764
이송수,원주소방서,15 ~ 20,50대,3601,367,9.811989100817438,14.162111141699768
이송수,원주소방서,15 ~ 20,60대,4555,367,12.411444141689373,17.914028395013176
이송수,원주소방서,15 ~ 20,70대,4985,367,13.583106267029972,19.605144138120895
이송수,원주소방서,15 ~ 20,80세 이상,5203,367,14.177111716621253,20.462500491603414
이송수,원주소방서,15 ~ 20,9세 이하,630,367,1.7166212534059946,2.4776812050182877
이송수,원주소방서,15 ~ 20,미상,420,367,1.1444141689373297,1.6517874700121917
이송수,원주소방서,20 ~ 25,10대,1105,456,2.4232456140350878,3.465144720750102
이송수,원주소방서,20 ~ 25,20대,1857,456,4.072368421052632,5.823324657405375
이송수,원주소방서,20 ~ 25,30대,1817,456,3.9846491228070176,5.6978895543917965
이송수,원주소방서,20 ~ 25,40대,2754,456,6.0394736842105265,8.636206842484869
이송수,원주소방서,20 ~ 25,50대,4686,456,10.276315789473685,14.694722318040704
이송수,원주소방서,20 ~ 25,60대,5706,456,12.513157894736842,17.893317444886954
이송수,원주소방서,20 ~ 25,70대,6034,456,13.232456140350877,18.921885289598293
이송수,원주소방서,20 ~ 25,80세 이상,6560,456,14.385964912280702,20.57135689422685
이송수,원주소방서,20 ~ 25,9세 이하,867,456,1.9013157894736843,2.718805857819311
이송수,원주소방서,20 ~ 25,미상,503,456,1.1030701754385965,1.5773464203957477
이송수,원주소방서,25 ~ 30,10대,993,331,3.0,3.470086664802907
이송수,원주소방서,25 ~ 30,20대,1409,331,4.256797583081571,4.923818842605535
이송수,원주소방서,25 ~ 30,30대,1562,331,4.719033232628399,5.458484763768521
이송수,원주소방서,25 ~ 30,40대,2277,331,6.879154078549849,7.957086944366789
이송수,원주소방서,25 ~ 30,50대,3908,331,11.806646525679758,13.656695554934304
이송수,원주소방서,25 ~ 30,60대,5261,331,15.894259818731118,18.384819681297177
이송수,원주소방서,25 ~ 30,70대,5352,331,16.169184290030213,18.7028235951915
이송수,원주소방서,25 ~ 30,80세 이상,6535,331,19.74320241691843,22.836874475817726
이송수,원주소방서,25 ~ 30,9세 이하,793,331,2.395770392749245,2.7711769639362593
이송수,원주소방서,25 ~ 30,미상,526,331,1.5891238670694865,1.8381325132792843
이송수,원주소방서,30 ~ 35,10대,147,38,3.8684210526315788,3.852201257861635
이송수,원주소방서,30 ~ 35,20대,149,38,3.9210526315789473,3.9046121593291403
이송수,원주소방서,30 ~ 35,30대,187,38,4.921052631578948,4.90041928721174
이송수,원주소방서,30 ~ 35,40대,286,38,7.526315789473684,7.49475890985325
이송수,원주소방서,30 ~ 35,50대,506,38,13.31578947368421,13.259958071278827
이송수,원주소방서,30 ~ 35,60대,728,38,19.157894736842106,19.07756813417191
이송수,원주소방서,30 ~ 35,70대,700,38,18.42105263157895,18.343815513626836
이송수,원주소방서,30 ~ 35,80세 이상,944,38,24.842105263157894,24.737945492662476
이송수,원주소방서,30 ~ 35,9세 이하,69,38,1.8157894736842106,1.8081761006289307
이송수,원주소방서,30 ~ 35,미상,100,38,2.6315789473684212,2.6205450733752618
이송수,해운대소방서,-5 ~ 0,10대,8,9,0.8888888888888888,1.99501246882793
이송수,해운대소방서,-5 ~ 0,20대,23,9,2.5555555555555554,5.7356608478802995
이송수,해운대소방서,-5 ~ 0,30대,20,9,2.2222222222222223,4.987531172069826
이송수,해운대소방서,-5 ~ 0,40대,18,9,2.0,4.488778054862843
이송수,해운대소방서,-5 ~ 0,50대,43,9,4.777777777777778,10.723192019950124
이송수,해운대소방서,-5 ~ 0,60대,60,9,6.666666666666667,14.962593516209477
이송수,해운대소방서,-5 ~ 0,70대,128,9,14.222222222222221,31.92019950124688
이송수,해운대소방서,-5 ~ 0,80세 이상,85,9,9.444444444444445,21.197007481296758
이송수,해운대소방서,-5 ~ 0,9세 이하,3,9,0.3333333333333333,0.7481296758104738
이송수,해운대소방서,-5 ~ 0,미상,13,9,1.4444444444444444,3.2418952618453867
이송수,해운대소방서,0 ~ 5,10대,390,287,1.3588850174216027,3.197769760577238
이송수,해운대소방서,0 ~ 5,20대,792,287,2.759581881533101,6.4939324368645455
이송수,해운대소방서,0 ~ 5,30대,778,287,2.710801393728223,6.379140701869465
이송수,해운대소방서,0 ~ 5,40대,1015,287,3.5365853658536586,8.322400787143327
이송수,해운대소방서,0 ~ 5,50대,1556,287,5.421602787456446,12.75828140373893
이송수,해운대소방서,0 ~ 5,60대,2262,287,7.881533101045296,18.54706461134798
이송수,해운대소방서,0 ~ 5,70대,2654,287,9.247386759581882,21.761233191210234
이송수,해운대소방서,0 ~ 5,80세 이상,2168,287,7.554006968641115,17.776320104952443
이송수,해운대소방서,0 ~ 5,9세 이하,343,287,1.1951219512195121,2.812397507379469
이송수,해운대소방서,0 ~ 5,미상,238,287,0.8292682926829268,1.951459494916366
이송수,해운대소방서,5 ~ 10,10대,708,420,1.6857142857142857,3.2805115373922713
이송수,해운대소방서,5 ~ 10,20대,1244,420,2.961904761904762,5.76406264479659
이송수,해운대소방서,5 ~ 10,30대,1303,420,3.1023809523809525,6.037438606245946
이송수,해운대소방서,5 ~ 10,40대,1843,420,4.3880952380952385,8.539523677138355
이송수,해운대소방서,5 ~ 10,50대,2666,420,6.347619047619047,12.352886664813271
이송수,해운대소방서,5 ~ 10,60대,3783,420,9.007142857142858,17.52849596886294
이송수,해운대소방서,5 ~ 10,70대,4808,420,11.447619047619048,22.2778241126865
이송수,해운대소방서,5 ~ 10,80세 이상,4062,420,9.67142857142857,18.821239922157353
이송수,해운대소방서,5 ~ 10,9세 이하,494,420,1.1761904761904762,2.2889444907793535
이송수,해운대소방서,5 ~ 10,미상,671,420,1.5976190476190477,3.109072375127421
이송수,해운대소방서,10 ~ 15,10대,616,419,1.470167064439141,2.9581252401075684
이송수,해운대소방서,10 ~ 15,20대,1179,419,2.8138424821002386,5.661736457933154
이송수,해운대소방서,10 ~ 15,30대,1384,419,3.3031026252983295,6.646177487514407
이송수,해운대소방서,10 ~ 15,40대,1823,419,4.350835322195704,8.75432193622743
이송수,해운대소방서,10 ~ 15,50대,2703,419,6.451073985680191,12.980215136381098
이송수,해운대소방서,10 ~ 15,60대,3860,419,9.212410501193318,18.53630426431041
이송수,해운대소방서,10 ~ 15,70대,4470,419,10.668257756563246,21.46561659623511
이송수,해운대소방서,10 ~ 15,80세 이상,3631,419,8.665871121718377,17.436611601997694
이송수,해운대소방서,10 ~ 15,9세 이하,641,419,1.529832935560859,3.078179024202843
이송수,해운대소방서,10 ~ 15,미상,517,419,1.233890214797136,2.4827122550902807
이송수,해운대소방서,15 ~ 20,10대,802,472,1.6991525423728813,3.1814034670157483
이송수,해운대소방서,15 ~ 20,20대,1542,472,3.266949152542373,6.11686302511008
이송수,해운대소방서,15 ~ 20,30대,1655,472,3.5063559322033897,6.565115633305566
이송수,해운대소방서,15 ~ 20,40대,2216,472,4.694915254237288,8.790511325320322
이송수,해운대소방서,15 ~ 20,50대,3254,472,6.8940677966101696,12.908088381133723
이송수,해운대소방서,15 ~ 20,60대,4467,472,9.463983050847459,17.719861954064026
이송수,해운대소방서,15 ~ 20,70대,5504,472,11.661016949152541,21.833472172636757
이송수,해운대소방서,15 ~ 20,80세 이상,4501,472,9.536016949152541,17.854734420246736
이송수,해운대소방서,15 ~ 20,9세 이하,728,472,1.5423728813559323,2.887857511206315
이송수,해운대소방서,15 ~ 20,미상,540,472,1.1440677966101696,2.1420921099607284
이송수,해운대소방서,20 ~ 25,10대,1017,547,1.8592321755027423,3.427935823109074
이송수,해운대소방서,20 ~ 25,20대,1933,547,3.5338208409506398,6.515437508426587
이송수,해운대소방서,20 ~ 25,30대,1970,547,3.6014625228519197,6.640151004449238
이송수,해운대소방서,20 ~ 25,40대,2536,547,4.6361974405850095,8.54793043009303
이송수,해운대소방서,20 ~ 25,50대,3893,547,7.1170018281535645,13.121882162599432
이송수,해운대소방서,20 ~ 25,60대,5227,547,9.555758683729433,17.618309289470137
이송수,해운대소방서,20 ~ 25,70대,6296,547,11.510054844606946,21.22151813401645
이송수,해운대소방서,20 ~ 25,80세 이상,5349,547,9.778793418647167,18.029526762842117
이송수,해운대소방서,20 ~ 25,9세 이하,855,547,1.563071297989031,2.881892948631522
이송수,해운대소방서,20 ~ 25,미상,592,547,1.0822669104204754,1.9954159363624107
이송수,해운대소방서,25 ~ 30,10대,808,368,2.1956521739130435,3.253079958128674
이송수,해운대소방서,25 ~ 30,20대,1570,368,4.266304347826087,6.320959819631209
이송수,해운대소방서,25 ~ 30,30대,1573,368,4.274456521739131,6.33303808680248
이송수,해운대소방서,25 ~ 30,40대,2024,368,5.5,8.148804251550045
이송수,해운대소방서,25 ~ 30,50대,2999,368,8.14945652173913,12.074241082212739
이송수,해운대소방서,25 ~ 30,60대,4280,368,11.630434782608695,17.231661164344956
이송수,해운대소방서,25 ~ 30,70대,5501,368,14.94836956521739,22.147515903051776
이송수,해운대소방서,25 ~ 30,80세 이상,4808,368,13.065217391304348,19.357436186488446
이송수,해운대소방서,25 ~ 30,9세 이하,623,368,1.6929347826086956,2.5082534825670346
이송수,해운대소방서,25 ~ 30,미상,652,368,1.7717391304347827,2.625010065222643
이송수,해운대소방서,30 ~ 35,10대,74,27,2.740740740740741,3.2947462154942118
이송수,해운대소방서,30 ~ 35,20대,102,27,3.7777777777777777,4.541406945681211
이송수,해운대소방서,30 ~ 35,30대,89,27,3.2962962962962963,3.96260017809439
이송수,해운대소방서,30 ~ 35,40대,136,27,5.037037037037037,6.055209260908281
이송수,해운대소방서,30 ~ 35,50대,252,27,9.333333333333334,11.219946571682991
이송수,해운대소방서,30 ~ 35,60대,367,27,13.592592592592593,16.340160284951025
이송수,해운대소방서,30 ~ 35,70대,570,27,21.11111111111111,25.378450578806767
이송수,해운대소방서,30 ~ 35,80세 이상,555,27,20.555555555555557,24.71059661620659
이송수,해운대소방서,30 ~ 35,9세 이하,33,27,1.2222222222222223,1.4692787177203919
이송수,해운대소방서,30 ~ 35,미상,68,27,2.5185185185185186,3.0276046304541406
출동수,강남소방서,-10 ~ -5,10대,62,22,2.8181818181818183,3.1860226104830422
출동수,강남소방서,-10 ~ -5,20대,244,22,11.090909090909092,12.538540596094553
출동수,강남소방서,-10 ~ -5,30대,199,22,9.045454545454545,10.226104830421377
출동수,강남소방서,-10 ~ -5,40대,158,22,7.181818181818182,8.119218910585817
출동수,강남소방서,-10 ~ -5,50대,168,22,7.636363636363637,8.633093525179856
출동수,강남소방서,-10 ~ -5,60대,181,22,8.227272727272727,9.301130524152107
출동수,강남소방서,-10 ~ -5,70대,184,22,8.363636363636363,9.45529290853032
출동수,강남소방서,-10 ~ -5,80세 이상,149,22,6.7727272727272725,7.656731757451182
출동수,강남소방서,-10 ~ -5,9세 이하,259,22,11.772727272727273,13.309352517985612
출동수,강남소방서,-10 ~ -5,미상,342,22,15.545454545454545,17.574511819116136
출동수,강남소방서,-5 ~ 0,10대,900,324,2.7777777777777777,2.791130407815165
출동수,강남소방서,-5 ~ 0,20대,3950,324,12.191358024691358,12.249961234299892
출동수,강남소방서,-5 ~ 0,30대,3422,324,10.561728395061728,10.612498061714994
출동수,강남소방서,-5 ~ 0,40대,2715,324,8.37962962962963,8.419910063575749
출동수,강남소방서,-5 ~ 0,50대,2764,324,8.530864197530864,8.57187160800124
출동수,강남소방서,-5 ~ 0,60대,2727,324,8.416666666666666,8.45712513567995
출동수,강남소방서,-5 ~ 0,70대,2409,324,7.435185185185185,7.470925724918592
출동수,강남소방서,-5 ~ 0,80세 이상,2338,324,7.216049382716049,7.250736548302063
출동수,강남소방서,-5 ~ 0,9세 이하,2869,324,8.854938271604938,8.89750348891301
출동수,강남소방서,-5 ~ 0,미상,8151,324,25.15740740740741,25.27833772677934
출동수,강남소방서,0 ~ 5,10대,1230,350,3.5142857142857142,3.1869413136416633
출동수,강남소방서,0 ~ 5,20대,4008,350,11.451428571428572,10.384764865915272
출동수,강남소방서,0 ~ 5,30대,3901,350,11.145714285714286,10.10752688172043
출동수,강남소방서,0 ~ 5,40대,3177,350,9.077142857142857,8.23163622230859
출동수,강남소방서,0 ~ 5,50대,3408,350,9.737142857142857,8.830159347065681
출동수,강남소방서,0 ~ 5,60대,3463,350,9.894285714285715,8.972664852960229
출동수,강남소방서,0 ~ 5,70대,3335,350,9.528571428571428,8.641015675605649
출동수,강남소방서,0 ~ 5,80세 이상,3182,350,9.09142857142857,8.244591268299002
출동수,강남소방서,0 ~ 5,9세 이하,2182,350,6.234285714285714,5.653582070216349
출동수,강남소방서,0 ~ 5,미상,10709,350,30.597142857142856,27.747117502267134
출동수,강남소방서,5 ~ 10,10대,993,303,3.277227722772277,3.1080785001095497
출동수,강남소방서,5 ~ 10,20대,3799,303,12.537953795379538,11.890826003943786
출동수,강남소방서,5 ~ 10,30대,3538,303,11.676567656765677,11.073899026573601
출동수,강남소방서,5 ~ 10,40대,2796,303,9.227722772277227,8.751447619643807
출동수,강남소방서,5 ~ 10,50대,2625,303,8.663366336633663,8.21621959998748
출동수,강남소방서,5 ~ 10,60대,2734,303,9.023102310231023,8.55738833766315
출동수,강남소방서,5 ~ 10,70대,2481,303,8.188118811881187,7.76550126764531
출동수,강남소방서,5 ~ 10,80세 이상,2259,303,7.455445544554456,7.070643838617798
출동수,강남소방서,5 ~ 10,9세 이하,2111,303,6.966996699669967,6.607405552599456
출동수,강남소방서,5 ~ 10,미상,8613,303,28.425742574257427,26.958590253216062
출동수,강남소방서,10 ~ 15,10대,1214,358,3.3910614525139664,3.1762643572904947
출동수,강남소방서,10 ~ 15,20대,4500,358,12.569832402234637,11.77363229638157
출동수,강남소방서,10 ~ 15,30대,3973,358,11.097765363128492,10.394809136338662
출동수,강남소방서,10 ~ 15,40대,3151,358,8.80167597765363,8.24415897019963
출동수,강남소방서,10 ~ 15,50대,3124,358,8.726256983240223,8.17351717642134
출동수,강남소방서,10 ~ 15,60대,3298,358,9.212290502793296,8.628764291881426
출동수,강남소방서,10 ~ 15,70대,3093,358,8.639664804469273,8.092409931712933
출동수,강남소방서,10 ~ 15,80세 이상,2867,358,8.008379888268156,7.501111954161326
출동수,강남소방서,10 ~ 15,9세 이하,3400,358,9.497206703910615,8.895633290599408
출동수,강남소방서,10 ~ 15,미상,9601,358,26.818435754189945,25.11969859501321
출동수,강남소방서,15 ~ 20,10대,1360,333,4.084084084084084,3.549338413758906
출동수,강남소방서,15 ~ 20,20대,4282,333,12.85885885885886,11.175196388026203
출동수,강남소방서,15 ~ 20,30대,4032,333,12.108108108108109,10.522744473732287
출동수,강남소방서,15 ~ 20,40대,3367,333,10.11111111111111,8.787222381710468
출동수,강남소방서,15 ~ 20,50대,3252,333,9.765765765765765,8.487094501135266
출동수,강남소방서,15 ~ 20,60대,3290,333,9.87987987987988,8.586267192107941
출동수,강남소방서,15 ~ 20,70대,2958,333,8.882882882882884,7.719811049925621
출동수,강남소방서,15 ~ 20,80세 이상,2807,333,8.42942942942943,7.325730093692096
출동수,강남소방서,15 ~ 20,9세 이하,3417,333,10.26126126126126,8.91771276456925
출동수,강남소방서,15 ~ 20,미상,9552,333,28.684684684684683,24.928882741341962
출동수,강남소방서,20 ~ 25,10대,1843,433,4.25635103926097,3.640350010863768
출동수,강남소방서,20 ~ 25,20대,6258,433,14.452655889145497,12.36099314594979
출동수,강남소방서,20 ~ 25,30대,5501,433,12.704387990762125,10.865743575562446
출동수,강남소방서,20 ~ 25,40대,4150,433,9.584295612009237,8.197207023920043
출동수,강남소방서,20 ~ 25,50대,4208,433,9.71824480369515,8.311770399194106
출동수,강남소방서,20 ~ 25,60대,4216,433,9.736720554272518,8.327572244059494
출동수,강남소방서,20 ~ 25,70대,3736,433,8.628175519630485,7.3794615521362115
출동수,강남소방서,20 ~ 25,80세 이상,3413,433,7.882217090069284,6.741462065696171
출동수,강남소방서,20 ~ 25,9세 이하,4397,433,10.15473441108545,8.685088984138899
출동수,강남소방서,20 ~ 25,미상,12905,433,29.803695150115473,25.490350998479073
출동수,강남소방서,25 ~ 30,10대,2152,418,5.148325358851674,3.838196475708069
출동수,강남소방서,25 ~ 30,20대,6421,418,15.361244019138756,11.452165227937504
출동수,강남소방서,25 ~ 30,30대,5822,418,13.92822966507177,10.383819647570807
출동수,강남소방서,25 ~ 30,40대,4775,418,11.423444976076555,8.516444317614326
출동수,강남소방서,25 ~ 30,50대,4880,418,11.674641148325358,8.70371691517443
출동수,강남소방서,25 ~ 30,60대,4717,418,11.28468899521531,8.41299850181922
출동수,강남소방서,25 ~ 30,70대,4059,418,9.710526315789474,7.239423557109224
출동수,강남소방서,25 ~ 30,80세 이상,4029,418,9.638755980861244,7.18591710066348
출동수,강남소방서,25 ~ 30,9세 이하,3793,418,9.074162679425838,6.76499964329029
출동수,강남소방서,25 ~ 30,미상,15420,418,36.889952153110045,27.502318613112646
출동수,강남소방서,30 ~ 35,10대,328,51,6.431372549019608,4.413941596016687
출동수,강남소방서,30 ~ 35,20대,808,51,15.843137254901961,10.873368321894764
출동수,강남소방서,30 ~ 35,30대,723,51,14.176470588235293,9.729511505853855
출동수,강남소방서,30 ~ 35,40대,587,51,11.509803921568627,7.8993406001884
출동수,강남소방서,30 ~ 35,50대,669,51,13.117647058823529,9.002825999192572
출동수,강남소방서,30 ~ 35,60대,647,51,12.686274509803921,8.70676894092316
출동수,강남소방서,30 ~ 35,70대,589,51,11.549019607843137,7.926254878212892
출동수,강남소방서,30 ~ 35,80세 이상,611,51,11.980392156862745,8.222311936482305
출동수,강남소방서,30 ~ 35,9세 이하,326,51,6.392156862745098,4.387027317992195
출동수,강남소방서,30 ~ 35,미상,2143,51,42.01960784313726,28.83864890324317
출동수,강동소방서,-10 ~ -5,10대,29,22,1.3181818181818181,2.1044992743105952
출동수,강동소방서,-10 ~ -5,20대,76,22,3.4545454545454546,5.515239477503629
출동수,강동소방서,-10 ~ -5,30대,98,22,4.454545454545454,7.111756168359943
출동수,강동소방서,-10 ~ -5,40대,100,22,4.545454545454546,7.256894049346879
출동수,강동소방서,-10 ~ -5,50대,135,22,6.136363636363637,9.796806966618288
출동수,강동소방서,-10 ~ -5,60대,196,22,8.909090909090908,14.223512336719885
출동수,강동소방서,-10 ~ -5,70대,211,22,9.590909090909092,15.312046444121915
출동수,강동소방서,-10 ~ -5,80세 이상,189,22,8.590909090909092,13.715529753265601
출동수,강동소방서,-10 ~ -5,9세 이하,170,22,7.7272727272727275,12.336719883889694
출동수,강동소방서,-10 ~ -5,미상,174,22,7.909090909090909,12.62699564586357
출동수,강동소방서,-5 ~ 0,10대,522,324,1.6111111111111112,2.3089171974522293
출동수,강동소방서,-5 ~ 0,20대,1402,324,4.327160493827161,6.201344656758669
출동수,강동소방서,-5 ~ 0,30대,1623,324,5.0092592592592595,7.178874734607218
출동수,강동소방서,-5 ~ 0,40대,1705,324,5.262345679012346,7.541578202406228
출동수,강동소방서,-5 ~ 0,50대,2573,324,7.941358024691358,11.380927105449398
출동수,강동소방서,-5 ~ 0,60대,3043,324,9.391975308641975,13.459837225760793
출동수,강동소방서,-5 ~ 0,70대,2918,324,9.006172839506172,12.906935598018402
출동수,강동소방서,-5 ~ 0,80세 이상,2681,324,8.274691358024691,11.858634111818825
출동수,강동소방서,-5 ~ 0,9세 이하,1716,324,5.296296296296297,7.590233545647558
출동수,강동소방서,-5 ~ 0,미상,4425,324,13.657407407407407,19.572717622080678
출동수,강동소방서,0 ~ 5,10대,704,350,2.0114285714285716,2.561863173216885
출동수,강동소방서,0 ~ 5,20대,1478,350,4.222857142857142,5.378457059679767
출동수,강동소방서,0 ~ 5,30대,1670,350,4.771428571428571,6.0771470160116445
출동수,강동소방서,0 ~ 5,40대,2007,350,5.734285714285714,7.303493449781659
출동수,강동소방서,0 ~ 5,50대,3087,350,8.82,11.233624454148472
출동수,강동소방서,0 ~ 5,60대,3839,350,10.968571428571428,13.970160116448326
출동수,강동소방서,0 ~ 5,70대,3726,350,10.645714285714286,13.558951965065502
출동수,강동소방서,0 ~ 5,80세 이상,3704,350,10.582857142857144,13.478893740902475
출동수,강동소방서,0 ~ 5,9세 이하,1514,350,4.325714285714286,5.509461426491994
출동수,강동소방서,0 ~ 5,미상,5751,350,16.431428571428572,20.927947598253276
출동수,강동소방서,5 ~ 10,10대,672,303,2.217821782178218,2.970034473614426
출동수,강동소방서,5 ~ 10,20대,1347,303,4.445544554455446,5.953328029700345
출동수,강동소방서,5 ~ 10,30대,1485,303,4.900990099009901,6.563245823389022
출동수,강동소방서,5 ~ 10,40대,1767,303,5.8316831683168315,7.8095995757093615
출동수,강동소방서,5 ~ 10,50대,2662,303,8.785478547854785,11.76522584637143
출동수,강동소방서,5 ~ 10,60대,3165,303,10.445544554455445,13.988332007425086
출동수,강동소방서,5 ~ 10,70대,2837,303,9.363036303630363,12.538672323875188
출동수,강동소방서,5 ~ 10,80세 이상,2669,303,8.808580858085808,11.796163705471582
출동수,강동소방서,5 ~ 10,9세 이하,1374,303,4.534653465346534,6.072659771943782
출동수,강동소방서,5 ~ 10,미상,4648,303,15.33993399339934,20.54273844249978
출동수,강동소방서,10 ~ 15,10대,806,358,2.2513966480446927,2.985738099648083
출동수,강동소방서,10 ~ 15,20대,1573,358,4.393854748603352,5.827005000926098
출동수,강동소방서,10 ~ 15,30대,1795,358,5.0139664804469275,6.649379514724949
출동수,강동소방서,10 ~ 15,40대,2020,358,5.64245810055866,7.482867197629191
출동수,강동소방서,10 ~ 15,50대,3006,358,8.396648044692737,11.135395443600666
출동수,강동소방서,10 ~ 15,60대,3733,358,10.427374301675977,13.828486756806816
출동수,강동소방서,10 ~ 15,70대,3560,358,9.94413407821229,13.187627338395998
출동수,강동소방서,10 ~ 15,80세 이상,3342,358,9.335195530726256,12.380070383404334
출동수,강동소방서,10 ~ 15,9세 이하,2184,358,6.100558659217877,8.090387108723837
출동수,강동소방서,10 ~ 15,미상,4976,358,13.899441340782124,18.433043156140023
출동수,강동소방서,15 ~ 20,10대,918,333,2.7567567567567566,3.360790774299835
출동수,강동소방서,15 ~ 20,20대,1613,333,4.843843843843844,5.9051803038623465
출동수,강동소방서,15 ~ 20,30대,1786,333,5.363363363363363,6.538531942156324
출동수,강동소방서,15 ~ 20,40대,2122,333,6.372372372372372,7.76862529745561
출동수,강동소방서,15 ~ 20,50대,3097,333,9.3003003003003,11.338092623100861
출동수,강동소방서,15 ~ 20,60대,3805,333,11.426426426426426,13.930075050338642
출동수,강동소방서,15 ~ 20,70대,3337,333,10.02102102102102,12.216730734028921
출동수,강동소방서,15 ~ 20,80세 이상,3363,333,10.0990990990991,12.311916529379461
출동수,강동소방서,15 ~ 20,9세 이하,2089,333,6.273273273273273,7.647812557203001
출동수,강동소방서,15 ~ 20,미상,5185,333,15.57057057057057,18.982244188174995
출동수,강동소방서,20 ~ 25,10대,1217,433,2.810623556581986,3.3783971351636453
출동수,강동소방서,20 ~ 25,20대,2142,433,4.946882217090069,5.946201038225578
출동수,강동소방서,20 ~ 25,30대,2473,433,5.711316397228638,6.865058434888821
출동수,강동소방서,20 ~ 25,40대,2817,433,6.505773672055427,7.820003886405908
출동수,강동소방서,20 ~ 25,50대,4128,433,9.533487297921479,11.459345418205036
출동수,강동소방서,20 ~ 25,60대,4897,433,11.309468822170901,13.594092663020849
출동수,강동소방서,20 ~ 25,70대,4350,433,10.046189376443419,12.0756183549399
출동수,강동소방서,20 ~ 25,80세 이상,4215,433,9.734411085450347,11.700857785303834
출동수,강동소방서,20 ~ 25,9세 이하,2762,433,6.378752886836028,7.6673236543319545
출동수,강동소방서,20 ~ 25,미상,7022,433,16.217090069284065,19.493101629514477
출동수,강동소방서,25 ~ 30,10대,1318,418,3.15311004784689,3.3462817680960724
출동수,강동소방서,25 ~ 30,20대,2223,418,5.318181818181818,5.643994211287988
출동수,강동소방서,25 ~ 30,30대,2423,418,5.79665071770335,6.151775966689517
출동수,강동소방서,25 ~ 30,40대,3030,418,7.248803827751196,7.692893594333156
출동수,강동소방서,25 ~ 30,50대,4479,418,10.71531100478469,11.37177241221723
출동수,강동소방서,25 ~ 30,60대,5421,418,12.9688995215311,13.76342448015843
출동수,강동소방서,25 ~ 30,70대,4905,418,11.73444976076555,12.453347551222485
출동수,강동소방서,25 ~ 30,80세 이상,4830,418,11.555023923444976,12.262929392946912
출동수,강동소방서,25 ~ 30,9세 이하,2514,418,6.014354066985646,6.382816665397212
출동수,강동소방서,25 ~ 30,미상,8244,418,19.72248803827751,20.930763957651003
출동수,강동소방서,30 ~ 35,10대,216,51,4.235294117647059,4.169079328314997
출동수,강동소방서,30 ~ 35,20대,274,51,5.372549019607843,5.28855433314032
출동수,강동소방서,30 ~ 35,30대,338,51,6.627450980392157,6.523837097085505
출동수,강동소방서,30 ~ 35,40대,337,51,6.607843137254902,6.504535803898862
출동수,강동소방서,30 ~ 35,50대,574,51,11.254901960784315,11.078942289133371
출동수,강동소방서,30 ~ 35,60대,722,51,14.156862745098039,13.93553368075661
출동수,강동소방서,30 ~ 35,70대,701,51,13.745098039215685,13.530206523837096
출동수,강동소방서,30 ~ 35,80세 이상,766,51,15.019607843137255,14.784790580968926
출동수,강동소방서,30 ~ 35,9세 이하,197,51,3.8627450980392157,3.8023547577687706
출동수,강동소방서,30 ~ 35,미상,1056,51,20.705882352941178,20.382165605095544
출동수,노원소방서,-10 ~ -5,10대,45,22,2.0454545454545454,2.665876777251185
출동수,노원소방서,-10 ~ -5,20대,93,22,4.2272727272727275,5.509478672985782
출동수,노원소방서,-10 ~ -5,30대,76,22,3.4545454545454546,4.502369668246446
출동수,노원소방서,-10 ~ -5,40대,118,22,5.363636363636363,6.990521327014218
출동수,노원소방서,-10 ~ -5,50대,229,22,10.409090909090908,13.566350710900474
출동수,노원소방서,-10 ~ -5,60대,224,22,10.181818181818182,13.270142180094787
출동수,노원소방서,-10 ~ -5,70대,276,22,12.545454545454545,16.350710900473935
출동수,노원소방서,-10 ~ -5,80세 이상,283,22,12.863636363636363,16.765402843601894
출동수,노원소방서,-10 ~ -5,9세 이하,160,22,7.2727272727272725,9.47867298578199
출동수,노원소방서,-10 ~ -5,미상,184,22,8.363636363636363,10.90047393364929
출동수,노원소방서,-5 ~ 0,10대,736,324,2.271604938271605,2.9383583519642285
출동수,노원소방서,-5 ~ 0,20대,1632,324,5.037037037037037,6.51549025870329
출동수,노원소방서,-5 ~ 0,30대,1423,324,4.3919753086419755,5.681092302778665
출동수,노원소방서,-5 ~ 0,40대,1802,324,5.561728395061729,7.194187160651549
출동수,노원소방서,-5 ~ 0,50대,2957,324,9.126543209876543,11.80533375918237
출동수,노원소방서,-5 ~ 0,60대,3476,324,10.728395061728396,13.877355477483233
출동수,노원소방서,-5 ~ 0,70대,3571,324,11.021604938271604,14.25662727563079
출동수,노원소방서,-5 ~ 0,80세 이상,3912,324,12.074074074074074,15.61801341424465
출동수,노원소방서,-5 ~ 0,9세 이하,1622,324,5.006172839506172,6.475566911529864
출동수,노원소방서,-5 ~ 0,미상,3917,324,12.089506172839506,15.637975087831363
출동수,노원소방서,0 ~ 5,10대,986,350,2.817142857142857,3.292263514641557
출동수,노원소방서,0 ~ 5,20대,1622,350,4.634285714285714,5.415873651874854
출동수,노원소방서,0 ~ 5,30대,1413,350,4.037142857142857,4.718020635079635
출동수,노원소방서,0 ~ 5,40대,1971,350,5.631428571428572,6.581188019633377
출동수,노원소방서,0 ~ 5,50대,3519,350,10.054285714285715,11.749974957427627
출동수,노원소방서,0 ~ 5,60대,4343,350,12.40857142857143,14.501318908811648
출동수,노원소방서,0 ~ 5,70대,4570,350,13.057142857142857,15.259274099302148
출동수,노원소방서,0 ~ 5,80세 이상,5312,350,15.177142857142858,17.73681925940766
출동수,노원소방서,0 ~ 5,9세 이하,1331,350,3.802857142857143,4.444221843801128
출동수,노원소방서,0 ~ 5,미상,4882,350,13.948571428571428,16.301045110020368
출동수,노원소방서,5 ~ 10,10대,837,303,2.762376237623762,3.459821428571429
출동수,노원소방서,5 ~ 10,20대,1536,303,5.069306930693069,6.349206349206349
출동수,노원소방서,5 ~ 10,30대,1311,303,4.326732673267327,5.419146825396826
출동수,노원소방서,5 ~ 10,40대,1786,303,5.894389438943894,7.38260582010582
출동수,노원소방서,5 ~ 10,50대,2951,303,9.73927392739274,12.198247354497354
출동수,노원소방서,5 ~ 10,60대,3549,303,11.712871287128714,14.67013888888889
출동수,노원소방서,5 ~ 10,70대,3478,303,11.478547854785479,14.376653439153438
출동수,노원소방서,5 ~ 10,80세 이상,3792,303,12.514851485148515,15.674603174603174
출동수,노원소방서,5 ~ 10,9세 이하,1214,303,4.006600660066007,5.018187830687831
출동수,노원소방서,5 ~ 10,미상,3738,303,12.336633663366337,15.45138888888889
출동수,노원소방서,10 ~ 15,10대,1058,358,2.9553072625698324,3.6830745665947227
출동수,노원소방서,10 ~ 15,20대,1593,358,4.449720670391062,5.545498851214927
출동수,노원소방서,10 ~ 15,30대,1522,358,4.251396648044692,5.298336002227947
출동수,노원소방서,10 ~ 15,40대,2015,358,5.628491620111732,7.0145512775882475
출동수,노원소방서,10 ~ 15,50대,3423,358,9.561452513966481,11.91603425468217
출동수,노원소방서,10 ~ 15,60대,4086,358,11.41340782122905,14.224047900856368
출동수,노원소방서,10 ~ 15,70대,4338,358,12.11731843575419,15.101301956415792
출동수,노원소방서,10 ~ 15,80세 이상,4913,358,13.723463687150838,17.10297291652162
출동수,노원소방서,10 ~ 15,9세 이하,1804,358,5.039106145251397,6.280025064401587
출동수,노원소방서,10 ~ 15,미상,3974,358,11.100558659217876,13.834157209496622
출동수,노원소방서,15 ~ 20,10대,1164,333,3.4954954954954953,3.955416610031263
출동수,노원소방서,15 ~ 20,20대,1751,333,5.258258258258258,5.950115536224004
출동수,노원소방서,15 ~ 20,30대,1542,333,4.63063063063063,5.2399075710207965
출동수,노원소방서,15 ~ 20,40대,2067,333,6.207207207207207,7.023922794617371
출동수,노원소방서,15 ~ 20,50대,3607,333,10.831831831831831,12.257034117167324
출동수,노원소방서,15 ~ 20,60대,4218,333,12.666666666666666,14.333288025010194
출동수,노원소방서,15 ~ 20,70대,4347,333,13.054054054054054,14.771646051379639
출동수,노원소방서,15 ~ 20,80세 이상,4778,333,14.348348348348349,16.23623759684654
출동수,노원소방서,15 ~ 20,9세 이하,1812,333,5.441441441441442,6.157401114584749
출동수,노원소방서,15 ~ 20,미상,4142,333,12.438438438438439,14.07503058311812
출동수,노원소방서,20 ~ 25,10대,1579,433,3.6466512702078524,4.115515938176037
출동수,노원소방서,20 ~ 25,20대,2418,433,5.584295612009238,6.30229103135507
출동수,노원소방서,20 ~ 25,30대,1995,433,4.607390300230947,5.199781061850027
출동수,노원소방서,20 ~ 25,40대,2734,433,6.3140877598152425,7.125915500299737
출동수,노원소방서,20 ~ 25,50대,4809,433,11.106235565819862,12.534209085933224
출동수,노원소방서,20 ~ 25,60대,5628,433,12.99769053117783,14.668856048166393
출동수,노원소방서,20 ~ 25,70대,5523,433,12.755196304849884,14.395183360700603
출동수,노원소방서,20 ~ 25,80세 이상,6081,433,14.043879907621248,15.849558214090234
출동수,노원소방서,20 ~ 25,9세 이하,2218,433,5.122401847575058,5.781009721896421
출동수,노원소방서,20 ~ 25,미상,5382,433,12.429561200923787,14.027680037532253
출동수,노원소방서,25 ~ 30,10대,1764,418,4.220095693779904,4.219389097519554
출동수,노원소방서,25 ~ 30,20대,2375,418,5.681818181818182,5.68086684048126
출동수,노원소방서,25 ~ 30,30대,2064,418,4.937799043062201,4.936972277369819
출동수,노원소방서,25 ~ 30,40대,2897,418,6.930622009569378,6.929461573420719
출동수,노원소방서,25 ~ 30,50대,5033,418,12.04066985645933,12.038653813954602
출동수,노원소방서,25 ~ 30,60대,6025,418,14.413875598086124,14.411462195326141
출동수,노원소방서,25 ~ 30,70대,6107,418,14.610047846889952,14.607601597818547
출동수,노원소방서,25 ~ 30,80세 이상,6900,418,16.507177033492823,16.504413136556078
출동수,노원소방서,25 ~ 30,9세 이하,1997,418,4.777511961722488,4.776712033869926
출동수,노원소방서,25 ~ 30,미상,6645,418,15.897129186602871,15.894467433683355
출동수,노원소방서,30 ~ 35,10대,232,51,4.549019607843137,4.251420194245922
출동수,노원소방서,30 ~ 35,20대,280,51,5.490196078431373,5.1310243723657685
출동수,노원소방서,30 ~ 35,30대,232,51,4.549019607843137,4.251420194245922
출동수,노원소방서,30 ~ 35,40대,348,51,6.823529411764706,6.377130291368884
출동수,노원소방서,30 ~ 35,50대,600,51,11.764705882352942,10.995052226498075
출동수,노원소방서,30 ~ 35,60대,851,51,16.686274509803923,15.594649074583103
출동수,노원소방서,30 ~ 35,70대,830,51,16.274509803921568,15.209822246655671
출동수,노원소방서,30 ~ 35,80세 이상,1037,51,20.333333333333332,19.003115264797508
출동수,노원소방서,30 ~ 35,9세 이하,155,51,3.0392156862745097,2.8403884918453364
출동수,노원소방서,30 ~ 35,미상,892,51,17.49019607843137,16.345977643393805
출동수,수성소방서,-5 ~ 0,10대,244,167,1.4610778443113772,2.900963024610629
출동수,수성소방서,-5 ~ 0,20대,555,167,3.3233532934131738,6.598501961716799
출동수,수성소방서,-5 ~ 0,30대,556,167,3.3293413173652695,6.610391154440613
출동수,수성소방서,-5 ~ 0,40대,685,167,4.1017964071856285,8.144097015812626
출동수,수성소방서,-5 ~ 0,50대,973,167,5.826347305389222,11.568184520271075
출동수,수성소방서,-5 ~ 0,60대,1161,167,6.952095808383233,13.803352752348117
출동수,수성소방서,-5 ~ 0,70대,1189,167,7.119760479041916,14.13625014861491
출동수,수성소방서,-5 ~ 0,80세 이상,1289,167,7.718562874251497,15.325169420996316
출동수,수성소방서,-5 ~ 0,9세 이하,539,167,3.2275449101796405,6.408274878135775
출동수,수성소방서,-5 ~ 0,미상,1220,167,7.3053892215568865,14.504815123053143
출동수,수성소방서,0 ~ 5,10대,801,361,2.218836565096953,3.5216531105737525
출동수,수성소방서,0 ~ 5,20대,1389,361,3.847645429362881,6.1068366673994285
출동수,수성소방서,0 ~ 5,30대,1330,361,3.6842105263157894,5.847438997581886
출동수,수성소방서,0 ~ 5,40대,1809,361,5.011080332409972,7.953396350846339
출동수,수성소방서,0 ~ 5,50대,2855,361,7.908587257617729,12.552209276764122
출동수,수성소방서,0 ~ 5,60대,2998,361,8.304709141274238,13.180918883271048
출동수,수성소방서,0 ~ 5,70대,3030,361,8.393351800554017,13.321609144867002
출동수,수성소방서,0 ~ 5,80세 이상,3529,361,9.77562326869806,15.515497911628929
출동수,수성소방서,0 ~ 5,9세 이하,1170,361,3.2409972299168976,5.143987689602111
출동수,수성소방서,0 ~ 5,미상,3834,361,10.620498614958448,16.85645196746538
출동수,수성소방서,5 ~ 10,10대,823,391,2.104859335038363,3.3789054481257956
출동수,수성소방서,5 ~ 10,20대,1505,391,3.8491048593350383,6.178921870509504
출동수,수성소방서,5 ~ 10,30대,1391,391,3.557544757033248,5.710883934803137
출동수,수성소방서,5 ~ 10,40대,1965,391,5.025575447570333,8.06749599704397
출동수,수성소방서,5 ~ 10,50대,2829,391,7.235294117647059,11.614730878186968
출동수,수성소방서,5 ~ 10,60대,3146,391,8.046035805626598,12.916204787124851
출동수,수성소방서,5 ~ 10,70대,3270,391,8.363171355498721,13.425298682103707
출동수,수성소방서,5 ~ 10,80세 이상,4092,391,10.46547314578005,16.800098534302254
출동수,수성소방서,5 ~ 10,9세 이하,1090,391,2.78772378516624,4.475099560701236
출동수,수성소방서,5 ~ 10,미상,4246,391,10.859335038363172,17.432360307098577
출동수,수성소방서,10 ~ 15,10대,877,363,2.4159779614325068,3.7990036820446176
출동수,수성소방서,10 ~ 15,20대,1378,363,3.796143250688705,5.969244097899069
출동수,수성소방서,10 ~ 15,30대,1334,363,3.674931129476584,5.7786441412172405
출동수,수성소방서,10 ~ 15,40대,1916,363,5.2782369146005506,8.299761750054149
출동수,수성소방서,10 ~ 15,50대,2664,363,7.338842975206612,11.539961013645224
출동수,수성소방서,10 ~ 15,60대,3042,363,8.380165289256198,13.177387914230017
출동수,수성소방서,10 ~ 15,70대,3195,363,8.801652892561984,13.840155945419102
출동수,수성소방서,10 ~ 15,80세 이상,3614,363,9.955922865013774,15.655187351093783
출동수,수성소방서,10 ~ 15,9세 이하,1250,363,3.443526170798898,5.4147714966428415
출동수,수성소방서,10 ~ 15,미상,3815,363,10.509641873278238,16.525882607753953
출동수,수성소방서,15 ~ 20,10대,937,366,2.560109289617486,3.922799966507578
출동수,수성소방서,15 ~ 20,20대,1464,366,4.0,6.129113288118563
출동수,수성소방서,15 ~ 20,30대,1494,366,4.081967213114754,6.2547098718914835
출동수,수성소방서,15 ~ 20,40대,1927,366,5.2650273224043715,8.067487231013983
출동수,수성소방서,15 ~ 20,50대,2891,366,7.898907103825136,12.10332412291719
출동수,수성소방서,15 ~ 20,60대,3154,366,8.617486338797814,13.204387507326468
출동수,수성소방서,15 ~ 20,70대,3158,366,8.628415300546449,13.221133718496189
출동수,수성소방서,15 ~ 20,80세 이상,3645,366,9.959016393442623,15.259984928409947
출동수,수성소방서,15 ~ 20,9세 이하,1514,366,4.136612021857924,6.338440927740099
출동수,수성소방서,15 ~ 20,미상,3702,366,10.114754098360656,15.498618437578498
출동수,수성소방서,20 ~ 25,10대,1361,463,2.939524838012959,4.310372129849564
출동수,수성소방서,20 ~ 25,20대,2034,463,4.393088552915767,6.441805225653206
출동수,수성소방서,20 ~ 25,30대,1972,463,4.259179265658747,6.245447347585115
출동수,수성소방서,20 ~ 25,40대,2600,463,5.615550755939525,8.234362628661916
출동수,수성소방서,20 ~ 25,50대,3826,463,8.263498920086393,12.117181314330958
출동수,수성소방서,20 ~ 25,60대,4117,463,8.892008639308855,13.038796516231196
출동수,수성소방서,20 ~ 25,70대,4078,463,8.807775377969762,12.915281076801266
출동수,수성소방서,20 ~ 25,80세 이상,4752,463,10.263498920086393,15.049881235154395
출동수,수성소방서,20 ~ 25,9세 이하,1696,463,3.6630669546436283,5.371338083927157
출동수,수성소방서,20 ~ 25,미상,5139,463,11.099352051835853,16.275534441805224
출동수,수성소방서,25 ~ 30,10대,1423,400,3.5575,4.54400306552561
출동수,수성소방서,25 ~ 30,20대,1758,400,4.395,5.613743773151105
출동수,수성소방서,25 ~ 30,30대,1749,400,4.3725,5.585004470558181
출동수,수성소방서,25 ~ 30,40대,2476,400,6.19,7.906501468897688
출동수,수성소방서,25 ~ 30,50대,3684,400,9.21,11.763954528036786
출동수,수성소방서,25 ~ 30,60대,4049,400,10.1225,12.929492910972026
출동수,수성소방서,25 ~ 30,70대,4234,400,10.585,13.520245242048793
출동수,수성소방서,25 ~ 30,80세 이상,4963,400,12.4075,15.848128752075615
출동수,수성소방서,25 ~ 30,9세 이하,1706,400,4.265,5.447694469280879
출동수,수성소방서,25 ~ 30,미상,5274,400,13.185,16.841231319453314
출동수,수성소방서,30 ~ 35,10대,295,81,3.6419753086419755,4.437424789410349
출동수,수성소방서,30 ~ 35,20대,359,81,4.432098765432099,5.400120336943441
출동수,수성소방서,30 ~ 35,30대,343,81,4.234567901234568,5.159446450060169
출동수,수성소방서,30 ~ 35,40대,479,81,5.91358024691358,7.205174488567991
출동수,수성소방서,30 ~ 35,50대,692,81,8.54320987654321,10.409145607701564
출동수,수성소방서,30 ~ 35,60대,854,81,10.54320987654321,12.845968712394706
출동수,수성소방서,30 ~ 35,70대,963,81,11.88888888888889,14.485559566787003
출동수,수성소방서,30 ~ 35,80세 이상,1113,81,13.74074074074074,16.74187725631769
출동수,수성소방서,30 ~ 35,9세 이하,250,81,3.0864197530864197,3.7605294825511435
출동수,수성소방서,30 ~ 35,미상,1300,81,16.049382716049383,19.554753309265944
출동수,원주소방서,-10 ~ -5,10대,74,56,1.3214285714285714,2.1650087770626096
출동수,원주소방서,-10 ~ -5,20대,207,56,3.6964285714285716,6.0561732007021645
출동수,원주소방서,-10 ~ -5,30대,213,56,3.8035714285714284,6.231714452896431
출동수,원주소방서,-10 ~ -5,40대,234,56,4.178571428571429,6.84610883557636
출동수,원주소방서,-10 ~ -5,50대,353,56,6.303571428571429,10.327677004095962
출동수,원주소방서,-10 ~ -5,60대,452,56,8.071428571428571,13.224107665301347
출동수,원주소방서,-10 ~ -5,70대,436,56,7.785714285714286,12.755997659449973
출동수,원주소방서,-10 ~ -5,80세 이상,567,56,10.125,16.588648332358105
출동수,원주소방서,-10 ~ -5,9세 이하,407,56,7.267857142857143,11.907548273844354
출동수,원주소방서,-10 ~ -5,미상,475,56,8.482142857142858,13.897015798712697
출동수,원주소방서,-5 ~ 0,10대,603,316,1.9082278481012658,2.9430426082288057
출동수,원주소방서,-5 ~ 0,20대,1206,316,3.8164556962025316,5.886085216457611
출동수,원주소방서,-5 ~ 0,30대,1185,316,3.75,5.7835911952755135
출동수,원주소방서,-5 ~ 0,40대,1580,316,5.0,7.711454927034018
출동수,원주소방서,-5 ~ 0,50대,2246,316,7.1075949367088604,10.961979598809117
출동수,원주소방서,-5 ~ 0,60대,2251,316,7.1234177215189876,10.986382937185807
출동수,원주소방서,-5 ~ 0,70대,2164,316,6.848101265822785,10.561764849431404
출동수,원주소방서,-5 ~ 0,80세 이상,3152,316,9.974683544303797,15.383864512665332
출동수,원주소방서,-5 ~ 0,9세 이하,1560,316,4.936708860759493,7.613841573527258
출동수,원주소방서,-5 ~ 0,미상,4542,316,14.373417721518987,22.167992581385136
출동수,원주소방서,0 ~ 5,10대,794,369,2.151761517615176,3.055609005195305
출동수,원주소방서,0 ~ 5,20대,1366,369,3.7018970189701896,5.2568789686357515
출동수,원주소방서,0 ~ 5,30대,1343,369,3.6395663956639566,5.168366365210699
출동수,원주소방서,0 ~ 5,40대,1878,369,5.0894308943089435,7.227246488358668
출동수,원주소방서,0 ~ 5,50대,2749,369,7.4498644986449865,10.579180296324802
출동수,원주소방서,0 ~ 5,60대,3140,369,8.509485094850948,12.083894554550701
출동수,원주소방서,0 ~ 5,70대,2925,369,7.926829268292683,11.256494131229555
출동수,원주소방서,0 ~ 5,80세 이상,4154,369,11.257452574525745,15.986145853376948
출동수,원주소방서,0 ~ 5,9세 이하,1265,369,3.4281842818428183,4.86819318837791
출동수,원주소방서,0 ~ 5,미상,6371,369,17.26558265582656,24.517991148739657
출동수,원주소방서,5 ~ 10,10대,591,305,1.937704918032787,2.8254529808289908
출동수,원주소방서,5 ~ 10,20대,1280,305,4.19672131147541,6.119424391643161
출동수,원주소방서,5 ~ 10,30대,1112,305,3.6459016393442623,5.316249940239996
출동수,원주소방서,5 ~ 10,40대,1535,305,5.032786885245901,7.338528469665823
출동수,원주소방서,5 ~ 10,50대,2380,305,7.80327868852459,11.378304728211502
출동수,원주소방서,5 ~ 10,60대,2522,305,8.268852459016394,12.057178371659417
출동수,원주소방서,5 ~ 10,70대,2188,305,7.173770491803278,10.460391069465029
출동수,원주소방서,5 ~ 10,80세 이상,3015,305,9.885245901639344,14.414112922503227
출동수,원주소방서,5 ~ 10,9세 이하,1338,305,4.386885245901639,6.396710809389491
출동수,원주소방서,5 ~ 10,미상,4956,305,16.249180327868853,23.693646316393362
출동수,원주소방서,10 ~ 15,10대,824,354,2.327683615819209,3.2669891364681627
출동수,원주소방서,10 ~ 15,20대,1379,354,3.8954802259887007,5.467449052414559
출동수,원주소방서,10 ~ 15,30대,1375,354,3.884180790960452,5.45158988184918
출동수,원주소방서,10 ~ 15,40대,1724,354,4.870056497175141,6.835302513678535
출동수,원주소방서,10 ~ 15,50대,2720,354,7.68361581920904,10.784235984458013
출동수,원주소방서,10 ~ 15,60대,3119,354,8.810734463276836,12.36618824835461
출동수,원주소방서,10 ~ 15,70대,2634,354,7.440677966101695,10.443263817302356
출동수,원주소방서,10 ~ 15,80세 이상,3775,354,10.663841807909604,14.96709222107684
출동수,원주소방서,10 ~ 15,9세 이하,1878,354,5.305084745762712,7.4458805804456425
출동수,원주소방서,10 ~ 15,미상,5794,354,16.36723163841808,22.972008563952105
출동수,원주소방서,15 ~ 20,10대,1007,367,2.7438692098092643,3.6203487326981842
출동수,원주소방서,15 ~ 20,20대,1546,367,4.212534059945504,5.558152076217868
출동수,원주소방서,15 ~ 20,30대,1484,367,4.043596730245231,5.335250763976272
출동수,원주소방서,15 ~ 20,40대,1991,367,5.425068119891008,7.158008268919648
출동수,원주소방서,15 ~ 20,50대,3026,367,8.245231607629428,10.879022110372102
출동수,원주소방서,15 ~ 20,60대,3328,367,9.068119891008175,11.964767211936007
출동수,원주소방서,15 ~ 20,70대,2942,367,8.016348773841962,10.577026784109293
출동수,원주소방서,15 ~ 20,80세 이상,3885,367,10.5858310626703,13.967283839654861
출동수,원주소방서,15 ~ 20,9세 이하,2080,367,5.667574931880109,7.477979507460003
출동수,원주소방서,15 ~ 20,미상,6526,367,17.78201634877384,23.46216070465576
출동수,원주소방서,20 ~ 25,10대,1188,456,2.6052631578947367,3.3166755074122674
출동수,원주소방서,20 ~ 25,20대,1964,456,4.307017543859649,5.48312348195092
출동수,원주소방서,20 ~ 25,30대,1926,456,4.223684210526316,5.37703453474413
출동수,원주소방서,20 ~ 25,40대,2611,456,5.725877192982456,7.289427398866523
출동수,원주소방서,20 ~ 25,50대,3995,456,8.760964912280702,11.15329852871381
출동수,원주소방서,20 ~ 25,60대,4191,456,9.19078947368421,11.700494151148831
출동수,원주소방서,20 ~ 25,70대,3628,456,7.956140350877193,10.128702643848236
출동수,원주소방서,20 ~ 25,80세 이상,4752,456,10.421052631578947,13.26670202964907
출동수,원주소방서,20 ~ 25,9세 이하,2738,456,6.004385964912281,7.643987827689215
출동수,원주소방서,20 ~ 25,미상,8826,456,19.355263157894736,24.640553895976996
출동수,원주소방서,25 ~ 30,10대,1085,331,3.2779456193353473,3.322208273370281
출동수,원주소방서,25 ~ 30,20대,1546,331,4.670694864048339,4.733764046664013
출동수,원주소방서,25 ~ 30,30대,1619,331,4.891238670694864,4.957285893628097
출동수,원주소방서,25 ~ 30,40대,2186,331,6.604229607250756,6.693407636486113
출동수,원주소방서,25 ~ 30,50대,3376,331,10.19939577039275,10.337119936311584
출동수,원주소방서,25 ~ 30,60대,3848,331,11.625377643504532,11.782357083805381
출동수,원주소방서,25 ~ 30,70대,3195,331,9.652567975830816,9.78290823356502
출동수,원주소방서,25 ~ 30,80세 이상,4648,331,14.042296072507552,14.231911571083009
출동수,원주소방서,25 ~ 30,9세 이하,2231,331,6.740181268882175,6.831195076395481
출동수,원주소방서,25 ~ 30,미상,8925,331,26.963746223564954,27.32784224869102
출동수,원주소방서,30 ~ 35,10대,160,38,4.2105263157894735,3.7054191755442334
출동수,원주소방서,30 ~ 35,20대,159,38,4.184210526315789,3.6822603056970817
출동수,원주소방서,30 ~ 35,30대,192,38,5.052631578947368,4.44650301065308
출동수,원주소방서,30 ~ 35,40대,255,38,6.7105263157894735,5.905511811023622
출동수,원주소방서,30 ~ 35,50대,427,38,11.236842105263158,9.888837424733673
출동수,원주소방서,30 ~ 35,60대,500,38,13.157894736842104,11.579434923575729
출동수,원주소방서,30 ~ 35,70대,434,38,11.421052631578947,10.050949513663733
출동수,원주소방서,30 ~ 35,80세 이상,617,38,16.236842105263158,14.289022695692449
출동수,원주소방서,30 ~ 35,9세 이하,75,38,1.9736842105263157,1.7369152385363593
출동수,원주소방서,30 ~ 35,미상,1499,38,39.44736842105263,34.71514590088003
출동수,해운대소방서,-5 ~ 0,10대,9,10,0.9,2.112676056338028
출동수,해운대소방서,-5 ~ 0,20대,29,10,2.9,6.807511737089202
출동수,해운대소방서,-5 ~ 0,30대,20,10,2.0,4.694835680751173
출동수,해운대소방서,-5 ~ 0,40대,23,10,2.3,5.39906103286385
출동수,해운대소방서,-5 ~ 0,50대,39,10,3.9,9.15492957746479
출동수,해운대소방서,-5 ~ 0,60대,57,10,5.7,13.380281690140844
출동수,해운대소방서,-5 ~ 0,70대,86,10,8.6,20.187793427230048
출동수,해운대소방서,-5 ~ 0,80세 이상,71,10,7.1,16.666666666666664
출동수,해운대소방서,-5 ~ 0,9세 이하,8,10,0.8,1.8779342723004695
출동수,해운대소방서,-5 ~ 0,미상,84,10,8.4,19.718309859154928
출동수,해운대소방서,0 ~ 5,10대,460,314,1.464968152866242,3.0211480362537766
출동수,해운대소방서,0 ~ 5,20대,1064,314,3.388535031847134,6.988046762117431
출동수,해운대소방서,0 ~ 5,30대,1018,314,3.2420382165605095,6.685931958492053
출동수,해운대소방서,0 ~ 5,40대,1151,314,3.6656050955414012,7.559437803756731
출동수,해운대소방서,0 ~ 5,50대,1571,314,5.003184713375796,10.317877315118876
출동수,해운대소방서,0 ~ 5,60대,1927,314,6.1369426751592355,12.655983186654407
출동수,해운대소방서,0 ~ 5,70대,1903,314,6.060509554140127,12.498358071719426
출동수,해운대소방서,0 ~ 5,80세 이상,1914,314,6.095541401273885,12.570602916064628
출동수,해운대소방서,0 ~ 5,9세 이하,1227,314,3.9076433121019107,8.058584001050834
출동수,해운대소방서,0 ~ 5,미상,2991,314,9.52547770700637,19.644029948771838
출동수,해운대소방서,5 ~ 10,10대,713,435,1.639080459770115,2.9269293924466337
출동수,해운대소방서,5 ~ 10,20대,1414,435,3.250574712643678,5.804597701149426
출동수,해운대소방서,5 ~ 10,30대,1446,435,3.3241379310344827,5.935960591133005
출동수,해운대소방서,5 ~ 10,40대,1862,435,4.280459770114943,7.643678160919539
출동수,해운대소방서,5 ~ 10,50대,2448,435,5.627586206896551,10.049261083743842
출동수,해운대소방서,5 ~ 10,60대,3004,435,6.905747126436782,12.331691297208538
출동수,해운대소방서,5 ~ 10,70대,3302,435,7.590804597701149,13.555008210180624
출동수,해운대소방서,5 ~ 10,80세 이상,3333,435,7.662068965517242,13.682266009852217
출동수,해운대소방서,5 ~ 10,9세 이하,1300,435,2.9885057471264367,5.336617405582922
출동수,해운대소방서,5 ~ 10,미상,5538,435,12.73103448275862,22.73399014778325
출동수,해운대소방서,10 ~ 15,10대,637,419,1.5202863961813842,2.7322638757827913
출동수,해운대소방서,10 ~ 15,20대,1313,419,3.1336515513126493,5.631809213348203
출동수,해운대소방서,10 ~ 15,30대,1503,419,3.587112171837709,6.44677018100712
출동수,해운대소방서,10 ~ 15,40대,1750,419,4.176610978520286,7.506219438963713
출동수,해운대소방서,10 ~ 15,50대,2432,419,5.804295942720763,10.431500386034143
출동수,해운대소방서,10 ~ 15,60대,2958,419,7.059665871121719,12.687655485974092
출동수,해운대소방서,10 ~ 15,70대,3021,419,7.210023866348449,12.957879385776785
출동수,해운대소방서,10 ~ 15,80세 이상,3068,419,7.322195704057279,13.159474993566098
출동수,해운대소방서,10 ~ 15,9세 이하,1770,419,4.2243436754176615,7.5920048039804415
출동수,해운대소방서,10 ~ 15,미상,4862,419,11.60381861575179,20.854422235566613
출동수,해운대소방서,15 ~ 20,10대,799,472,1.6927966101694916,2.9580541260967754
출동수,해운대소방서,15 ~ 20,20대,1663,472,3.5233050847457625,6.156750953315316
출동수,해운대소방서,15 ~ 20,30대,1762,472,3.733050847457627,6.523268298100773
출동수,해운대소방서,15 ~ 20,40대,2130,472,4.512711864406779,7.885676205990152
출동수,해운대소방서,15 ~ 20,50대,2805,472,5.942796610169491,10.384658102254637
출동수,해운대소방서,15 ~ 20,60대,3346,472,7.088983050847458,12.387545814668098
출동수,해운대소방서,15 ~ 20,70대,3487,472,7.387711864406779,12.909555366332235
출동수,해운대소방서,15 ~ 20,80세 이상,3427,472,7.260593220338983,12.687423642219835
출동수,해운대소방서,15 ~ 20,9세 이하,2031,472,4.302966101694915,7.519158861204694
출동수,해운대소방서,15 ~ 20,미상,5561,472,11.78177966101695,20.58790862981748
출동수,해운대소방서,20 ~ 25,10대,1060,547,1.9378427787934187,3.257228897151461
출동수,해운대소방서,20 ~ 25,20대,2112,547,3.8610603290676417,6.4898749347017795
출동수,해운대소방서,20 ~ 25,30대,2035,547,3.720292504570384,6.253264911040776
출동수,해운대소방서,20 ~ 25,40대,2490,547,4.552102376599635,7.651415050855791
출동수,해운대소방서,20 ~ 25,50대,3302,547,6.036563071297989,10.146575300371815
출동수,해운대소방서,20 ~ 25,60대,4008,547,7.3272394881170015,12.316012660172694
출동수,해운대소방서,20 ~ 25,70대,3988,547,7.290676416819013,12.254555511169837
출동수,해운대소방서,20 ~ 25,80세 이상,4028,547,7.3638025594149905,12.377469809175553
출동수,해운대소방서,20 ~ 25,9세 이하,2308,547,4.219378427787934,7.092154994929785
출동수,해운대소방서,20 ~ 25,미상,7212,547,13.184643510054844,22.16144793043051
출동수,해운대소방서,25 ~ 30,10대,986,368,2.6793478260869565,3.616092712803022
출동수,해운대소방서,25 ~ 30,20대,1845,368,5.013586956521739,6.766420948399164
출동수,해운대소방서,25 ~ 30,30대,1719,368,4.671195652173913,6.3043239080206845
출동수,해운대소방서,25 ~ 30,40대,2032,368,5.521739130434782,7.452231635310082
출동수,해운대소방서,25 ~ 30,50대,2682,368,7.288043478260869,9.836065573770492
출동수,해운대소방서,25 ~ 30,60대,3200,368,8.695652173913043,11.735797850882019
출동수,해운대소방서,25 ~ 30,70대,3402,368,9.244565217391305,12.476620090218946
출동수,해운대소방서,25 ~ 30,80세 이상,3360,368,9.130434782608695,12.32258774342612
출동수,해운대소방서,25 ~ 30,9세 이하,1577,368,4.2853260869565215,5.783547878387794
출동수,해운대소방서,25 ~ 30,미상,6464,368,17.565217391304348,23.70631165878168
출동수,해운대소방서,30 ~ 35,10대,78,27,2.888888888888889,3.3780857514075358
출동수,해운대소방서,30 ~ 35,20대,107,27,3.962962962962963,4.634040710264184
출동수,해운대소방서,30 ~ 35,30대,90,27,3.3333333333333335,3.8977912516240796
출동수,해운대소방서,30 ~ 35,40대,129,27,4.777777777777778,5.5868341273278475
출동수,해운대소방서,30 ~ 35,50대,208,27,7.703703703703703,9.008228670420095
출동수,해운대소방서,30 ~ 35,60대,253,27,9.37037037037037,10.957124296232134
출동수,해운대소방서,30 ~ 35,70대,348,27,12.88888888888889,15.071459506279774
출동수,해운대소방서,30 ~ 35,80세 이상,403,27,14.925925925925926,17.453443048938936
출동수,해운대소방서,30 ~ 35,9세 이하,33,27,1.2222222222222223,1.429190125595496
출동수,해운대소방서,30 ~ 35,미상,660,27,24.444444444444443,28.583802511909916
