연도,지역,평균기온,중앙기온,최저기온,최고기온,기온표준편차,평균습도,중앙습도,최저습도,최고습도,습도표준편차,평균풍속,중앙풍속,최저풍속,최고풍속,풍속표준편차
2017,서울,13.060084513476474,14.7,-12.6,35.0,11.387487795927363,57.77055733211512,57.0,7.0,100.0,19.900782020686123,2.213194125745755,2.0,0.0,8.0,1.2214126428071306
2018,서울,12.998983902271949,13.7,-17.8,39.4,11.87038501065005,57.47066224408098,56.0,10.0,98.0,20.303508731533107,1.731753825074218,1.5,0.0,7.4,1.034136945156135
2019,서울,13.593470319634703,14.3,-10.8,36.7,10.633410643305124,56.7987899543379,56.0,10.0,97.0,20.517619835949855,1.955992231235005,1.8,0.0,9.1,1.0629913751105313
2020,서울,13.26784697711488,13.8,-12.9,35.2,10.069921117717344,63.259448998178506,64.0,11.0,100.0,20.043638250862845,2.3744877049180326,2.2,0.0,8.0,1.197191706869906
2021,서울,13.736678082191782,14.6,-18.5,36.3,10.896708289692599,65.58926940639269,66.0,19.0,100.0,18.393226685721682,2.3112696962776886,2.2,0.0,8.3,1.120854952777505
2022,서울,13.293687214611872,14.8,-13.7,35.6,11.336825498683378,64.51301369863013,65.0,17.0,100.0,18.538027604224837,2.370650684931507,2.2,0.0,8.8,1.1473963383432553
2023,서울,14.106803652968038,15.6,-17.2,35.8,10.958475185362458,66.63767123287671,68.0,15.0,100.0,19.056797856010558,2.2795253926401466,2.2,0.0,8.1,1.09766503106483
2024,서울,14.869330601092896,15.9,-14.0,36.3,10.903427933953214,65.8120446265938,67.0,14.0,100.0,17.543279984840193,2.3131497772192393,2.2,0.0,7.5,1.1290829049266837
2025,서울,14.14351598173516,15.0,-12.1,37.6,11.293340823108313,65.82397260273973,67.0,13.0,100.0,18.488890916184996,2.338002283105023,2.2,0.0,8.4,1.1134656727130592
